SMILE A,SMILE B,SMILE C,Young's Modulus (kPa) log10,Swelling Ratio (times),来源,Young's Modulus (kPa)
C/C(C[*])=C/C[*],OC(COCC1OC(OC2C(COCC(O)=O)OC([*])C(O)C2O)C(O)C(O)C1O[*])=O,,5.301029995663981,,10.1007_s10570-021-04082-4_part_2.txt_段1_Material1,200000.00000000003
C/C(C[*])=C/C[*],OCC1OC(C(C(C1[*])O)O)OC2C(C(C(OC2CO)O[*])O)O,,4.086359830674748,,10.1002_mame.201000444_part_2.txt_段1_Material1,12200.000000000004
C/C(C[*])=C/C[*],[*]C1C(C(C(OC1C(O[Na])=O)OC2C(C(O[Na])=O)OC(O[*])C(O)C2O)O)O,,5.0948203803548,,10.1016_j.compositesa.2021.106601_part_2.txt_段1_Material1,124399.9999999999
COC(C(C[*])([*])C)=O,OCC(C(C(C1N)O)O[*])OC1OC2C(OC(C(C2O)N)[*])CO,,6.361727836017593,,10.1080_10667857.2018.1541212_part_1.txt_段1_Material1,2300000.000000001
COC(C(C[*])([*])C)=O,OCC1OC(C(C(C1[*])O)O)OC2C(C(C(OC2CO)O[*])O)O,,6.6020599913279625,,10.1021_acsomega.9b00388_part_2.txt_段1_Material1,4000000.000000001
COC(C(C[*])([*])C)=O,OCC1OC(C(C(C1O[*])O)NC(C)=O)OC2C(O)C(C(OC2CO)[*])NC(C)=O,,6.649334858712142,,10.1016_j.matdes.2013.11.057_part_2.txt_段1_Material1,4460000.000000001
COC(C(C[*])([*])C)=O,OCC1OC(C(C(C1[*])O)O)OC2C(C(C(OC2CO)O[*])O)O,,6.041392685158225,,10.1007_s10570-018-1725-3_part_2.txt_段1_Material1,1100000.0000000007
COC(C(C[*])([*])C)=O,[*]OC1C(C(O)=O)OC(OC2C(NC(C)=O)C([*])OC(CO)C2O)C(O)C1O,,6.3979400086720375,,10.1007_s42452-020-2546-1_part_2.txt_段1_Material1,2499999.9999999995
C[Si](O[*])(C)[*],OCC1OC(C(C(C1[*])O)O)OC2C(C(C(OC2CO)O[*])O)O,,5.905795880367869,,10.3390_polym10091000_part_1.txt_段1_Material1,805000.0000000003
C[Si](O[*])(C)[*],[*]OC1C(C(O)=O)OC(OC2C(NC(C)=O)C([*])OC(CO)C2O)C(O)C1O,,3.0,,10.1002_pc.24445_part_2.txt_段1_Material1,1000.0
O=C(C1=CC=C(C=C1)C(OCC[*])=O)O[*],OCC(C(C(C1N)O)O[*])OC1OC2C(OC(C(C2O)N)[*])CO,,6.950851458888547,,10.1016_j.colsurfa.2019.05.090_part_1.txt_段1_Material1,8930000.000000007
O=C(C1=CC=C(C=C1)C(OCC[*])=O)O[*],OCC1OC(OC2C(O)C(O)C(O[*])OC2CO)C(O)C(O)C1[*],,6.612783856719736,,10.18280_rcma.320204_OA_part_2.txt_段1_Material1,4100000.000000008
O=C(C1=CC=C(C=C1)C(OCC[*])=O)O[*],[*]OC1OC(CO)C(OC2C(O)C(O)C([*])C(CO)O2)C(O)C1O,,5.195456833628169,,10.1088_1757-899x_87_1_012108_part_1.txt_段1_Material1,156840.00000000003
O=C(CCCCC(N(CCCCCCN([*])[H])[H])=O)[*],OCC1OC(C(C(C1[*])O)O)OC2C(C(C(OC2CO)O[*])O)O,,6.474216264076255,,10.1016_j.compositesb.2018.12.148_part_5.txt_段1_Material1,2980000.0000000005
O=C(CCCCC(NCCCCCCCCCCN[*])=O)[*],OCC1OC(C(C(C1[*])O)O)OC2C(C(C(OC2CO)O[*])O)O,,6.348304863048161,,10.3139_217.3142_part_1.txt_段1_Material1,2230000.0
O=C(N)C([*])C[*],OC(COCC1OC(OC2C(COCC(O)=O)OC([*])C(O)C2O)C(O)C(O)C1O[*])=O,,2.146128035678238,,10.1016_j.carbpol.2019.115051_part_5.txt_段1_Material1,140.00000000000006
O=C(N)C([*])C[*],OC1C(C(OC(C1O)OC2C(OC(C(C2O)O)OC3C(C(C(OC3C(OC)=O)OC4C(OC(C(C4O)O)[*])C(O)=O)O)O)C(OC)=O)C(O)=O)O[*],,3.164352855784437,,10.1039_c7sm02005h_part_2.txt_段1_Material1,1460.0000000000002
O=C(N)C([*])C[*],OCC(C(C(C1N)O)O[*])OC1OC2C(OC(C(C2O)N)[*])CO,,1.390935107103379,,10.1002_mame.201800322_part_1.txt_段1_Material1,24.6
O=C(N)C([*])C[*],OCC1OC(C(C(C1[*])O)O)OC2C(C(C(OC2CO)O[*])O)O,,3.562292864456474,,10.1134_s0965545x13050027_part_1.txt_段1_Material1,3649.999999999996
O=C(N)C([*])C[*],[*]C1C(O)C(O)C(OC2C(O)C(O)C(O[*])OC2COCCO)OC1COCCO,,3.539452491549461,,10.1002_pen.24624_part_2.txt_段1_Material2,3463.000000000001
O=C(N1C(C([*])=O)CC(O)C1)CNC(C2CCCN2[*])=O,OCC(C(C(C1N)O)O[*])OC1OC2C(OC(C(C2O)N)[*])CO,,4.598571663482141,,10.3390_polym12010061_part_2.txt_段1_Material1,39679.99999999999
O=C(N1C(C([*])=O)CC(O)C1)CNC(C2CCCN2[*])=O,OCC1OC(C(C(C1O)O[*])O)OC2C(C(C(OC2COS(=O)(O)=O)[*])NC(C)=O)O,,3.562292864456474,,10.1016_j.actbio.2010.03.014_part_1.txt_段1_Material1,3649.999999999996
O=C(N1C(C([*])=O)CC(O)C1)CNC(C2CCCN2[*])=O,OCC1OC(C(C(C1[*])O)O)OC2C(C(C(OC2CO)O[*])O)O,,6.806179973983888,,10.1007_s10570-011-9624-x_part_2.txt_段1_Material1,6400000.000000019
O=C(O)C([*])C[*],CC(NC1C([C@@H](C(O[C@H]1O[*])CO)O[C@@H]2OC([C@H]([C@@H](C2NC(C)=O)O)[*])CO)O)=O,,6.0,,10.1016_j.md.2018.01.004_part_4.txt_段1_Material1,1000000.0
O=C(O)C([*])C[*],[*]C1C(C(C(OC1C(O[Na])=O)OC2C(C(O[Na])=O)OC(O[*])C(O)C2O)O)O,,5.0,,10.1016_j.ijbiomac.2020.06.257_part_2.txt_段1_Material1,100000.0
O=C(O)C([*])C[*],[*]C1C(O)C(O)C(OC2C(O)C(O)C(O[*])OC2COC(C)=O)OC1COC(C)=O,,5.14921911265538,,10.1002_app.40366_part_2.txt_段1_Material1,140999.99999999994
O=C(O[*])CCCCCCCCCCN[*],OCC1OC(C(C(C1[*])O)O)OC2C(C(C(OC2CO)O[*])O)O,,6.313867220369153,,10.1678_rheology.45.39_part_2.txt_段1_Material1,2059999.9999999995
O=C([*])C(C)O[*],CC(NC1C([C@@H](C(O[C@H]1O[*])CO)O[C@@H]2OC([C@H]([C@@H](C2NC(C)=O)O)[*])CO)O)=O,,6.863322860120456,,10.1002_adfm.202008552_part_4.txt_段1_Material2,7300000.0
O=C([*])C(C)O[*],OC(COCC1OC(OC2C(COCC(O)=O)OC([*])C(O)C2O)C(O)C(O)C1O[*])=O,,6.301969226865995,,10.4028_www.scientific.net_amr.747.157_part_1.txt_段1_Material1,2004330.0000000016
O=C([*])C(C)O[*],OCC1OC(C(C(C1[*])O)O)OC2C(C(C(OC2CO)O[*])O)O,,5.0,,10.1002_app.41004_part_1.txt_段1_Material1,100000.0
O=C([*])C(C)O[*],OCC1OC(C(C(C1[*])O)O)OC2C(C(C(OC2CO)O[*])O)O,,6.477121254719663,,10.3390_polym12123006_part_2.txt_段1_Material1,3000000.000000001
O=C([*])C(C)O[*],OCC1OC(OC2C(O)C(O)C(O[*])OC2CO)C(O)C(O)C1[*],,6.207580514765431,,10.1007_s10570-019-02931-x_part_3.txt_段1_Material1,1612800.0
O=C([*])C(C)O[*],[*]C1C(C(C(OC1C(O[Na])=O)OC2C(C(O[Na])=O)OC(O[*])C(O)C2O)O)O,,5.0,,10.1016_j.compscitech.2021.108973_part_2.txt_段1_Material1,100000.0
O=C([*])C(C)O[*],[*]C1C(OC(C(C1O)O)OC2C(OC(C(C2O)O)OC3C(OC(C(C3O)O)O[*])CO)CO)CO,,6.342422680822207,,10.1016_j.carbpol.2016.03.082_part_3.txt_段1_Material1,2200000.000000002
O=C([*])C(C)O[*],[*]OC1C(C(O)=O)OC(OC2C(NC(C)=O)C([*])OC(CO)C2O)C(O)C1O,,6.696836730575163,,10.1002_app.49286_part_1.txt_段1_Material4,4975499.999999996
O=C([*])C(C)O[*],[*]OC1OC(CO)C(OC2C(O)C(O)C([*])C(CO)O2)C(O)C1O,,6.919078092376074,,10.1016_j.matpr.2020.02.457_part_1.txt_段1_Material1,8299999.999999997
O=C([*])CCCCCN[*],OCC(C(C(C1N)O)O[*])OC1OC2C(OC(C(C2O)N)[*])CO,,5.337459261290656,,10.1186_s12951-020-00602-9_part_2.txt_段1_Material3,217499.9999999998
O=C([*])CCCCCN[*],OCC1OC(C(C(C1[*])O)O)OC2C(C(C(OC2CO)O[*])O)O,,6.755874855672492,,10.1002_pc.23587_part_1.txt_段1_Material1,5700000.000000012
O=C([*])CCCCCN[*],OCC1OC(OC2C(O)C(O)C(O[*])OC2CO)C(O)C(O)C1[*],,6.596047007545439,,10.1007_s10924-014-0676-5_part_2.txt_段1_Material1,3945000.0000000014
O=C1CCCN1C([*])C[*],OCC1OC(C(C(C1[*])O)O)OC2C(C(C(OC2CO)O[*])O)O,,5.078094150406411,,10.1016_j.jmrt.2021.02.083_part_2.txt_段1_Material1,119700.00000000007
OC(C(C1OC2OC(C(C(C2O)O)OC3OC(C(C(C3O)O)O)COC4OC(C(C(C4O)O)OC5OC(C(C(C5O)O)OC6OC(C(C(C6O)O[*])O)C)CO)CO)CO)O[*])COC1CO,OCC1OC(C(C(C1[*])O)O)OC2C(C(C(OC2CO)O[*])O)O,,6.079181246047625,,10.1007_s10570-012-9673-9_part_2.txt_段1_Material1,1200000.0000000007
OC(C(C1OC2OC(C(C(C2O)O)OC3OC(C(C(C3O)O)O)COC4OC(C(C(C4O)O)OC5OC(C(C(C5O)O)OC6OC(C(C(C6O)O[*])O)C)CO)CO)CO)O[*])COC1CO,OCC1OC(C(C(C1[*])O)O)OC2C(C(C(OC2CO)O[*])O)O,,6.657055852857104,,10.1007_s10570-014-0433-x_part_2.txt_段1_Material1,4539999.999999998
OC(COCC1OC(OC2C(COCC(O)=O)OC([*])C(O)C2O)C(O)C(O)C1O[*])=O,OC(C(C)(CC(C1=CC=CC=C1)[*])CC(C[*])(C(OCC2CO2)=O)C)=O,,6.962369335670021,,10.1007_s10570-016-0923-0_part_3.txt_段1_Material1,9170000.000000006
OC(COCC1OC(OC2C(COCC(O)=O)OC([*])C(O)C2O)C(O)C(O)C1O[*])=O,OCC1OC(C(C(C1O[*])O)O)[*],,6.57978359661681,,10.1007_s10570-021-04009-z_part_3.txt_段1_Material1,3800000.0
OC(COCC1OC(OC2C(COCC(O)=O)OC([*])C(O)C2O)C(O)C(O)C1O[*])=O,OCC1OC(C(C(C1[*])O)O)OC2C(C(C(OC2CO)O[*])O)O,,5.959041392321094,,10.1007_s10570-021-03838-2_part_2.txt_段1_Material1,910000.0000000006
OC(COCC1OC(OC2C(COCC(O)=O)OC([*])C(O)C2O)C(O)C(O)C1O[*])=O,[*]C([H])([H])C(O)([H])[*],,6.079181246047625,,10.1016_j.carbpol.2017.03.017_part_1.txt_段1_Material1,1200000.0000000007
OC(COCC1OC(OC2C(COCC(O)=O)OC([*])C(O)C2O)C(O)C(O)C1O[*])=O,[*]C1=C(C=CN2)C2=C([*])C(O)=C1O,,6.857332496431268,,10.1007_s10570-017-1387-6_part_1.txt_段1_Material3,7199999.9999999935
OC(COCC1OC(OC2C(COCC(O)=O)OC([*])C(O)C2O)C(O)C(O)C1O[*])=O,[*]CC(C#N)[*],,7.012837224705172,,10.1007_s10965-018-1659-3_part_2.txt_段1_Material2,10299999.999999996
OC(COCC1OC(OC2C(COCC(O)=O)OC([*])C(O)C2O)C(O)C(O)C1O[*])=O,[*]OCC[*],,5.950364854376123,,10.1016_j.indcrop.2019.111644_part_2.txt_段1_Material1,892000.0000000002
OC1=C(C=CC=C1CC2=CC=CC([*])=C2O)CC3=CC=CC([*])=C3O,OCC1OC(C(C(C1[*])O)O)OC2C(C(C(OC2CO)O[*])O)O,,7.176091259055681,,10.1007_s10570-013-0007-3_part_5.txt_段1_Material3,15000000.000000004
OC1=C(C=CC=C1CC2=CC=CC([*])=C2O)CC3=CC=CC([*])=C3O,OCC1OC(C(C(C1[*])O)O)OC2C(C(C(OC2CO)O[*])O)O,,5.939758797292041,,10.1002_pen.23772_part_2.txt_段1_Material2,870480.0000000007
OC1C(C(OC(C1O)OC2C(OC(C(C2O)O)OC3C(C(C(OC3C(OC)=O)OC4C(OC(C(C4O)O)[*])C(O)=O)O)O)C(OC)=O)C(O)=O)O[*],[*]C1C(C(C(OC1C(O[Na])=O)OC2C(C(O[Na])=O)OC(O[*])C(O)C2O)O)O,,6.200303182981585,,10.1002_app.33422_part_1.txt_段1_Material3,1586000.0000000012
OC1C(C(OC(C1O)OC2C(OC(C(C2O)O)OC3C(C(C(OC3C(OC)=O)OC4C(OC(C(C4O)O)[*])C(O)=O)O)O)C(OC)=O)C(O)=O)O[*],[*]OCC[*],,5.892094602690481,,10.1016_j.polymdegradstab.2013.09.012_part_1.txt_段1_Material2,780000.0000000007
OC1C(C(OC(C1OC2C(C(C(C(O2)CO)CO[*])O)O)COC3C(C(C(C(O3)CO)O)O)O)C[*])O,[*]C(CCCCC(OCCCCO[*])=O)=O,,6.919078092376074,,10.1016_j.polymdegradstab.2018.05.020_part_1.txt_段1_Material1,8299999.999999997
OCC(C(C(C1N)O)O[*])OC1OC2C(OC(C(C2O)N)[*])CO,CC(NC1C([C@@H](C(O[C@H]1O[*])CO)O[C@@H]2OC([C@H]([C@@H](C2NC(C)=O)O)[*])CO)O)=O,,6.644044492814749,,10.1016_j.carbpol.2013.07.033_part_1.txt_段1_Material1,4406000.000000003
OCC(C(C(C1N)O)O[*])OC1OC2C(OC(C(C2O)N)[*])CO,O=C(N)C([*])C[*],,2.7781512503836434,,10.1080_09205063.2021.1922170_part_1.txt_段1_Material1,599.9999999999997
OCC(C(C(C1N)O)O[*])OC1OC2C(OC(C(C2O)N)[*])CO,O=C(N1C(C([*])=O)CC(O)C1)CNC(C2CCCN2[*])=O,,6.079181246047625,,10.3390_jfb6040999_part_1.txt_段1_Material1,1200000.0000000007
OCC(C(C(C1N)O)O[*])OC1OC2C(OC(C(C2O)N)[*])CO,O=C1CCCN1C([*])C[*],,6.283301228703549,,10.1002_app.41042_part_2.txt_段1_Material1,1919999.9999999984
OCC(C(C(C1N)O)O[*])OC1OC2C(OC(C(C2O)N)[*])CO,OC(C(C1OC2OC(C(C(C2O)O)OC3OC(C(C(C3O)O)O)COC4OC(C(C(C4O)O)OC5OC(C(C(C5O)O)OC6OC(C(C(C6O)O[*])O)C)CO)CO)CO)O[*])COC1CO,,5.536937022704674,,10.1016_j.carbpol.2020.116734_part_4.txt_段1_Material2,344300.0000000001
OCC(C(C(C1N)O)O[*])OC1OC2C(OC(C(C2O)N)[*])CO,OCC(C(C(C1N)O)O[*])OC1OC2C(OC(C(C2O)N)[*])CO,,6.301029995663981,,10.3390_molecules24010127_part_1.txt_段1_Material1,2000000.0
OCC(C(C(C1N)O)O[*])OC1OC2C(OC(C(C2O)N)[*])CO,OCC1OC(C(C(C1[*])O)O)OC2C(C(C(OC2CO)O[*])O)O,,6.472902651803664,,10.1016_j.carbpol.2012.07.037_part_1.txt_段1_Material1,2970999.9999999986
OCC(C(C(C1N)O)O[*])OC1OC2C(OC(C(C2O)N)[*])CO,[*]C(C(OC1O[*])COC(C)=O)C(O)C1NC(C)=O,,6.531478917042255,,10.1016_j.carbpol.2019.05.013_part_1.txt_段1_Material1,3400000.000000002
OCC(C(C(C1N)O)O[*])OC1OC2C(OC(C(C2O)N)[*])CO,[*]C(CCCCCO[*])=O,,6.033423755486949,,10.1007_s10965-021-02685-w_part_2.txt_段1_Material7,1079999.9999999993
OCC(C(C(C1N)O)O[*])OC1OC2C(OC(C(C2O)N)[*])CO,[*]C([H])([H])C(O)([H])[*],,6.260548372636979,,10.1016_j.carbpol.2015.12.072_part_5.txt_段1_Material1,1821999.9999999984
OCC(C(C(C1N)O)O[*])OC1OC2C(OC(C(C2O)N)[*])CO,[*]C1=CC=C([*])N1,,5.295127085252191,,10.1016_j.compositesa.2010.06.014_part_2.txt_段1_Material2,197299.9999999999
OCC(C(C(C1N)O)O[*])OC1OC2C(OC(C(C2O)N)[*])CO,[*]C1C(C(C(OC1C(O[Na])=O)OC2C(C(O[Na])=O)OC(O[*])C(O)C2O)O)O,,5.301029995663981,,10.1002_app.41686_part_1.txt_段1_Material1,200000.00000000003
OCC(C(C(C1N)O)O[*])OC1OC2C(OC(C(C2O)N)[*])CO,[*]C1C(OC(C(C1O)O)OC2C(OC(C(C2O)O)OC3C(OC(C(C3O)O)O[*])CO)CO)CO,,6.324282455297693,,10.3390_coatings7120224_part_1.txt_段1_Material1,2110000.000000002
OCC(C(C(C1N)O)O[*])OC1OC2C(OC(C(C2O)N)[*])CO,[*]CC(C#N)[*],,6.3670482644844935,,10.1016_j.polymertesting.2018.04.031_part_1.txt_段1_Material1,2328350.0000000005
OCC(C(C(C1N)O)O[*])OC1OC2C(OC(C(C2O)N)[*])CO,[*]CC(C1=CC=CC=C1)[*],,7.204119982655925,,10.1016_j.polymertesting.2018.04.031_part_2.txt_段1_Material4,16000000.00000001
OCC(C(C(C1N)O)O[*])OC1OC2C(OC(C(C2O)N)[*])CO,[*]CCC1C([*])C2CCC1C2,,6.012837224705172,,10.1007_s10965-021-02685-w_part_2.txt_段1_Material8,1029999.9999999997
OCC(C(C(C1N)O)O[*])OC1OC2C(OC(C(C2O)N)[*])CO,[*]OC(C(C1O)O)OC(COC)C1OC(OC(C(C2O)OC3OC(C(C(C3OC)O)OC4OC(C(C(C4OC)O)[*])COC)CO)COC)C2OCC(OC)C,,6.489395921727129,,10.1080_03602559.2018.1542726_part_2.txt_段1_Material1,3085999.999999999
OCC(C(C(C1N)O)O[*])OC1OC2C(OC(C(C2O)N)[*])CO,[*]OCC[*],,4.698970004336019,,10.1007_s10570-014-0231-5_part_2.txt_段1_Material1,49999.99999999999
OCC(C(C(C1N)O)O[*])OC1OC2C(OC(C(C2O)N)[*])CO,[H]N(C([H])([H])C(N([H])C(C)([H])C(N(C([H])([H])C([*])=O)[H])=O)=O)C(C(N([*])[H])(C)[H])=O,,5.477121254719663,,10.1016_j.jphotobiol.2014.08.017_part_1.txt_段1_Material1,300000.0000000001
OCC1OC(C(C(C1[*])O)O)OC2C(C(C(OC2CO)O[*])O)O,OC1C(C(OC(C1O)OC2C(OC(C(C2O)O)OC3C(C(C(OC3C(OC)=O)OC4C(OC(C(C4O)O)[*])C(O)=O)O)O)C(OC)=O)C(O)=O)O[*],,4.02816441942447,,10.1016_j.carbpol.2017.07.004_part_2.txt_段1_Material1,10669.999999999996
OCC1OC(C(C(C1[*])O)O)OC2C(C(C(OC2CO)O[*])O)O,OCC(C(C(C1N)O)O[*])OC1OC2C(OC(C(C2O)N)[*])CO,,7.079181246047625,,10.1007_s10570-014-0330-3_part_3.txt_段1_Material1,12000000.000000007
OCC1OC(C(C(C1[*])O)O)OC2C(C(C(OC2CO)O[*])O)O,OCC1OC(C(C(C1[*])O)O)OC2C(C(C(OC2CO)O[*])O)O,,7.049218022670182,,10.1504_ijvnv.2010.036681_part_1.txt_段1_Material1,11200000.00000001
OCC1OC(C(C(C1[*])O)O)OC2C(C(C(OC2CO)O[*])O)O,[*]C(CCCCCO[*])=O,,6.556302500767287,,10.1590_s0104-14282013005000018_part_1.txt_段1_Material1,3599999.9999999963
OCC1OC(C(C(C1[*])O)O)OC2C(C(C(OC2CO)O[*])O)O,[*]C(F)(C(F)([*])F)F,,7.176091259055681,,10.1007_s10570-020-03456-4_part_3.txt_段1_Material1,15000000.000000004
OCC1OC(C(C(C1[*])O)O)OC2C(C(C(OC2CO)O[*])O)O,[*]C1=C(C=CN2)C2=C([*])C(O)=C1O,,7.017450729510536,,10.1007_s10570-021-04020-4_part_3.txt_段1_Material1,10409999.999999989
OCC1OC(C(C(C1[*])O)O)OC2C(C(C(OC2CO)O[*])O)O,[H]N(C(O[*])=O)CCCCCCN(C(OCCCCO[*])=O)[H],,6.278753600952829,,10.1007_s10570-017-1361-3_part_1.txt_段1_Material1,1899999.9999999995
OCC1OC(C(C(C1[*])O)O)OC2C(C(C(OC2CO)O[*])O)O,[H]N(C([H])([H])C(N([H])C(C)([H])C(N(C([H])([H])C([*])=O)[H])=O)=O)C(C(N([*])[H])(C)[H])=O,,7.079181246047625,,10.1007_s12221-013-0266-5_part_1.txt_段1_Material3,12000000.000000007
OCC1OC(C(C(C1O)O[*])O)OC2C(C(C(OC2COS(=O)(O)=O)[*])NC(C)=O)O,OCC(C(C(C1N)O)O[*])OC1OC2C(OC(C(C2O)N)[*])CO,,5.181843587944773,,10.1002_pen.23928_part_1.txt_段1_Material2,152000.00000000003
OCC1OC(C(C(C1O)O[*])O)OC2C(C(C(OC2COS(=O)(O)=O)[*])NC(C)=O)O,[*]C(CCCCCO[*])=O,,5.181843587944773,,10.1002_pen.23928_part_1.txt_段1_Material1,152000.00000000003
OCC1OC(C(C(C1O)O[*])O)OC2C(C(C(OC2COS(=O)(O)=O)[*])NC(C)=O)O,[*]C1C(C(C(OC1C(O[Na])=O)OC2C(C(O[Na])=O)OC(O[*])C(O)C2O)O)O,,4.340444114840119,,10.1016_j.polymertesting.2019.106286_part_2.txt_段1_Material1,21900.00000000005
OCC1OC(C(C(C1O[*])O)NC(C)=O)OC2C(O)C(C(OC2CO)[*])NC(C)=O,OCC(C(C(C1N)O)O[*])OC1OC2C(OC(C(C2O)N)[*])CO,,6.342422680822207,,10.3389_fchem.2014.00099_part_2.txt_段1_Material1,2200000.000000002
OCC1OC(C(C(C1O[*])O)NC(C)=O)OC2C(O)C(C(OC2CO)[*])NC(C)=O,[H]N(C(O[*])=O)CCCCCCN(C(OCCCCO[*])=O)[H],,5.447158031342219,,10.1002_pi.2833_part_2.txt_段1_Material1,280000.0000000001
OCC1OC(C(C(C1O[*])O)O)[*],OCC1OC(C(C(C1[*])O)O)OC2C(C(C(OC2CO)O[*])O)O,,6.361727836017593,,10.1007_s10570-014-0255-x_part_3.txt_段1_Material1,2300000.000000001
OCC1OC(C(C(C1O[*])O)O)[*],[*]C1C(O)C(O)C(OC2C(O)C(O)C(O[*])OC2COC(C)=O)OC1COC(C)=O,,6.732393759822968,,10.1007_s10570-019-02882-3_part_2.txt_段1_Material1,5399999.999999996
OCC1OC(C(C(C1[*])O)O)OC2C(C(C(OC2CO)O[*])O)O,COC(C(C[*])([*])C)=O,,6.290034611362518,,10.1007_s10570-011-9580-5_part_3.txt_段1_Material2,1950000.0000000007
OCC1OC(C(C(C1[*])O)O)OC2C(C(C(OC2CO)O[*])O)O,COCC1OC(OC2C(CO)OC(O[*])C(OC)C2OC)C(OC)C(O)C1O[*],,6.204119982655925,,10.1007_s10570-018-02228-5_part_1.txt_段1_Material1,1600000.000000001
OCC1OC(C(C(C1[*])O)O)OC2C(C(C(OC2CO)O[*])O)O,O=C(C1=CC=C(C=C1)C(OCC[*])=O)O[*],,6.954242509439325,,10.1007_s10570-018-2044-4_part_2.txt_段1_Material1,9000000.000000007
OCC1OC(C(C(C1[*])O)O)OC2C(C(C(OC2CO)O[*])O)O,O=C(N1C(C([*])=O)CC(O)C1)CNC(C2CCCN2[*])=O,,6.698970004336019,,10.1007_s10570-014-0372-6_part_2.txt_段1_Material1,4999999.999999999
OCC1OC(C(C(C1[*])O)O)OC2C(C(C(OC2CO)O[*])O)O,O=C([*])C(C)O[*],,6.4623979978989565,,10.1007_s10570-018-1822-3_part_1.txt_段1_Material2,2900000.000000003
OCC1OC(C(C(C1[*])O)O)OC2C(C(C(OC2CO)O[*])O)O,O=C([*])CCCCCN[*],,6.698970004336019,,10.1007_s10570-020-03233-3_part_2.txt_段1_Material1,4999999.999999999
OCC1OC(C(C(C1[*])O)O)OC2C(C(C(OC2CO)O[*])O)O,OC(C(C)(CC(C1=CC=CC=C1)[*])CC(C[*])(C(OCC2CO2)=O)C)=O,,6.544068044350276,,10.1007_s10570-015-0798-5_part_6.txt_段1_Material1,3500000.0000000005
OCC1OC(C(C(C1[*])O)O)OC2C(C(C(OC2CO)O[*])O)O,OC(COCC1OC(OC2C(COCC(O)=O)OC([*])C(O)C2O)C(O)C(O)C1O[*])=O,,6.6020599913279625,,10.1007_s10570-015-0779-8_part_9.txt_段1_Material2,4000000.000000001
OCC1OC(C(C(C1[*])O)O)OC2C(C(C(OC2CO)O[*])O)O,OC1C(C(OC(C1OC2C(C(C(C(O2)CO)CO[*])O)O)COC3C(C(C(C(O3)CO)O)O)O)C[*])O,,7.589949601325708,,10.1021_acssuschemeng.7b02025_part_4.txt_段1_Material2,38900000.00000004
OCC1OC(C(C(C1[*])O)O)OC2C(C(C(OC2CO)O[*])O)O,OCC(C(C(C1N)O)O[*])OC1OC2C(OC(C(C2O)N)[*])CO,,6.942504106168081,,10.1007_s10570-019-02755-9_part_1.txt_段1_Material1,8760000.000000006
OCC1OC(C(C(C1[*])O)O)OC2C(C(C(OC2CO)O[*])O)O,OCC1OC(C(C(C1[*])O)O)OC2C(C(C(OC2CO)O[*])O)O,,7.079181246047625,,10.1504_ijvnv.2010.036681_part_2.txt_段1_Material1,12000000.000000007
OCC1OC(C(C(C1[*])O)O)OC2C(C(C(OC2CO)O[*])O)O,OCC1OC(C(C(C1O[*])O)O)[*],,6.838723190031372,,10.1007_s10924-011-0398-x_part_1.txt_段1_Material1,6897999.999999999
OCC1OC(C(C(C1[*])O)O)OC2C(C(C(OC2CO)O[*])O)O,OCC1OC(C(C(C1[*])O)O)OC2C(C(C(OC2CO)O[*])O)O,,6.365487984890899,,10.1016_j.polymertesting.2018.03.043_part_3.txt_段1_Material1,2319999.9999999986
OCC1OC(C(C(C1[*])O)O)OC2C(C(C(OC2CO)O[*])O)O,[*]C(C)C[*],,4.752355804153501,,10.4028_www.scientific.net_amr.511.24_part_1.txt_段1_Material1,56540.0
OCC1OC(C(C(C1[*])O)O)OC2C(C(C(OC2CO)O[*])O)O,[*]C(CCCCC(OCCCCO[*])=O)=O,,6.823545953567112,,10.1002_app.45968_part_2.txt_段1_Material1,6661099.999999994
OCC1OC(C(C(C1[*])O)O)OC2C(C(C(OC2CO)O[*])O)O,[*]C(CCCCCO[*])=O,,6.12057393120585,,10.1016_j.carbpol.2012.05.080_part_2.txt_段1_Material1,1319999.999999999
OCC1OC(C(C(C1[*])O)O)OC2C(C(C(OC2CO)O[*])O)O,[*]C(N(CN(C(OCOC(N(CN(C(OCCO[*])=O)[H])[H])=O)=O)[H])[H])=O,,6.0,,10.1088_2058-8585_aae5d9_part_4.txt_段1_Material1,1000000.0
OCC1OC(C(C(C1[*])O)O)OC2C(C(C(OC2CO)O[*])O)O,[*]C([H])([H])C(O)([H])[*],,6.119317224092021,,10.5402_2012_154314_part_1.txt_段1_Material1,1316185.870000001
OCC1OC(C(C(C1[*])O)O)OC2C(C(C(OC2CO)O[*])O)O,[*]C1=C(C(C[*])=CC=C1)O,,6.69284691927723,,10.1007_s10570-012-9815-0_part_2.txt_段1_Material2,4929999.999999997
OCC1OC(C(C(C1[*])O)O)OC2C(C(C(OC2CO)O[*])O)O,[*]C1=C(C=CN2)C2=C([*])C(O)=C1O,,6.672097857935717,,10.26599_pbm.2018.9260024_OA_part_1.txt_段1_Material1,4699999.999999996
OCC1OC(C(C(C1[*])O)O)OC2C(C(C(OC2CO)O[*])O)O,[*]C1=CC=C([*])N1,,6.980911937776844,,10.1007_s10570-016-1060-5_part_2.txt_段1_Material1,9570000.0
OCC1OC(C(C(C1[*])O)O)OC2C(C(C(OC2CO)O[*])O)O,[*]C1C(C(C(OC1C(O[Na])=O)OC2C(C(O[Na])=O)OC(O[*])C(O)C2O)O)O,,7.1003705451175625,,10.1007_s10570-020-03484-0_part_2.txt_段1_Material1,12599999.999999989
OCC1OC(C(C(C1[*])O)O)OC2C(C(C(OC2CO)O[*])O)O,[*]C1C(O)C(O)C(OC2C(O)C(O)C(O[*])OC2COCCO)OC1COCCO,,7.176091259055681,,10.1016_j.compscitech.2017.07.011_part_4.txt_段1_Material1,15000000.000000004
OCC1OC(C(C(C1[*])O)O)OC2C(C(C(OC2CO)O[*])O)O,[*]C1C(OC(C(C1O)O)OC2C(OC(C(C2O)O)OC3C(OC(C(C3O)O)O[*])CO)CO)CO,,6.612783856719736,,10.1016_j.foodhyd.2018.07.017_part_7.txt_段1_Material2,4100000.000000008
OCC1OC(C(C(C1[*])O)O)OC2C(C(C(OC2CO)O[*])O)O,[*]CC(C#N)[*],,6.886490725172482,,10.1002_adma.202000682_part_3.txt_段1_Material1,7700000.000000007
OCC1OC(C(C(C1[*])O)O)OC2C(C(C(OC2CO)O[*])O)O,[*]CC(C)(C(OCCO)=O)[*],,3.4727564493172123,,10.1007_s10570-020-03631-7_part_1.txt_段1_Material1,2969.9999999999995
OCC1OC(C(C(C1[*])O)O)OC2C(C(C(OC2CO)O[*])O)O,[*]OC1C(C(O)=O)OC(OC2C(NC(C)=O)C([*])OC(CO)C2O)C(O)C1O,,5.477121254719663,,10.1016_j.colsurfb.2015.11.047_part_2.txt_段1_Material1,300000.0000000001
OCC1OC(C(C(C1[*])O)O)OC2C(C(C(OC2CO)O[*])O)O,[*]OCCCCOC(CCC([*])=O)=O,,6.161368002234975,,10.1007_s10570-014-0241-3_part_1.txt_段1_Material1,1450000.0000000012
OCC1OC(C(C(C1[*])O)O)OC2C(C(C(OC2CO)O[*])O)O,[*]O[C@H](C)CC([*])=O,,6.3979400086720375,,10.1016_j.carbpol.2011.08.038_part_1.txt_段1_Material1,2499999.9999999995
OCC1OC(C(C(C1[*])O)O)OC2C(C(C(OC2CO)O[*])O)O,[H]N(C(O[*])=O)CCCCCCN(C(OCCCCO[*])=O)[H],,7.041392685158225,,10.1007_s10570-019-02417-w_part_1.txt_段1_Material1,11000000.000000007
OCC1OC(C(C(C1[*])O)O)OC2C(C(C(OC2CO)O[*])O)O,[H]N(C([H])([H])C(N([H])C(C)([H])C(N(C([H])([H])C([*])=O)[H])=O)=O)C(C(N([*])[H])(C)[H])=O,,6.861534410859038,,10.1007_s10570-014-0520-z_part_2.txt_段1_Material1,7270000.000000006
[*]C(C(O[*])C)=O,OCC1OC(C(C(C1[*])O)O)OC2C(C(C(OC2CO)O[*])O)O,,6.414973347970818,,10.3390_ma12203435_part_2.txt_段1_Material4,2600000.0000000014
[*]C(C)C(OCC(O[*])=O)=O,OCC(C(C(C1N)O)O[*])OC1OC2C(OC(C(C2O)N)[*])CO,,6.079181246047625,,10.1002_jbm.b.33726_part_2.txt_段1_Material1,1200000.0000000007
[*]C(C)C[*],OC(COCC1OC(OC2C(COCC(O)=O)OC([*])C(O)C2O)C(O)C(O)C1O[*])=O,,6.033423755486949,,10.1007_s10853-021-06383-2_part_3.txt_段1_Material1,1079999.9999999993
[*]C(C)C[*],OCC(C(C(C1N)O)O[*])OC1OC2C(OC(C(C2O)N)[*])CO,,6.6020599913279625,,10.1016_j.conbuildmat.2017.04.035_part_3.txt_段1_Material1,4000000.000000001
[*]C(C)C[*],OCC1OC(C(C(C1[*])O)O)OC2C(C(C(OC2CO)O[*])O)O,,6.26142703676955,,10.3390_polym8040129_part_2.txt_段1_Material1,1825689.9999999984
[*]C(C)C[*],OCC1OC(C(C(C1[*])O)O)OC2C(C(C(OC2CO)O[*])O)O,,6.363611979892144,,10.1002_app.34308_part_2.txt_段1_Material1,2309999.999999998
[*]C(C)C[*],[*]C1C(OC(C(C1O)O)OC2C(OC(C(C2O)O)OC3C(OC(C(C3O)O)O[*])CO)CO)CO,,6.220108088040055,,10.1021_ie4025243_part_1.txt_段1_Material1,1659999.9999999995
[*]C(C)C[*],[*]OC1C(C(O)=O)OC(OC2C(NC(C)=O)C([*])OC(CO)C2O)C(O)C1O,,6.377124042346456,,10.3390_ma8030992_part_2.txt_段1_Material3,2383000.0000000014
[*]C(C)C[*],[*]OC1OC(CO)C(OC2C(O)C(O)C([*])C(CO)O2)C(O)C1O,,5.93801909747621,,10.3390_fib6040094_part_1.txt_段1_Material1,866999.9999999993
[*]C(C1=CC=C(C(OCCCCO[*])=O)C=C1)=O,OCC1OC(C(C(C1[*])O)O)OC2C(C(C(OC2CO)O[*])O)O,,6.380211241711606,,10.1177_0021998319830775_part_2.txt_段1_Material1,2400000.000000002
[*]C(CCCCC(OCCCCO[*])=O)=O,OCC1OC(C(C(C1[*])O)O)OC2C(C(C(OC2CO)O[*])O)O,,4.826074802700826,,10.1002_polb.24139_part_3.txt_段1_Material1,66999.99999999993
[*]C(CCCCC(OCCCCO[*])=O)=O,[*]C1C(OC(C(C1O)O)OC2C(OC(C(C2O)O)OC3C(OC(C(C3O)O)O[*])CO)CO)CO,,5.00987563371216,,10.1016_j.polymertesting.2018.07.009_part_3.txt_段1_Material2,102300.0
[*]C(CCCCCO[*])=O,OCC1OC(C(C(C1[*])O)O)OC2C(C(C(OC2CO)O[*])O)O,,4.7160033436348,,10.1016_j.scp.2021.100404_part_1.txt_段1_Material1,52000.00000000014
[*]C(CCCCCO[*])=O,OCC1OC(C(C(C1O)O[*])O)OC2C(C(C(OC2COS(=O)(O)=O)[*])NC(C)=O)O,,6.763427993562937,,10.4188_jte.63.1_part_1.txt_段1_Material1,5799999.999999994
[*]C(CCCCCO[*])=O,OCC1OC(OC2C(O)C(O)C(O[*])OC2CO)C(O)C(O)C1[*],,3.832508912706236,,10.3390_ma13173853_part_3.txt_段1_Material1,6799.999999999997
[*]C(CCCCCO[*])=O,[*]C1C(C(C(OC1C(O[Na])=O)OC2C(C(O[Na])=O)OC(O[*])C(O)C2O)O)O,,3.342422680822206,,10.1016_j.cej.2015.04.038_part_2.txt_段1_Material2,2199.9999999999995
[*]C(CCCCCO[*])=O,[*]C1C(OC(C(C1O)O)OC2C(OC(C(C2O)O)OC3C(OC(C(C3O)O)O[*])CO)CO)CO,,6.0,,10.1016_j.bioactmat.2020.02.006_part_1.txt_段1_Material1,1000000.0
[*]C(CCCCCO[*])=O,[*]OC1C(C(O)=O)OC(OC2C(NC(C)=O)C([*])OC(CO)C2O)C(O)C1O,,5.518513939877887,,10.3390_polym12112587_part_1.txt_段1_Material2,329999.9999999997
[*]C(N(CN(C(OCOC(N(CN(C(OCCO[*])=O)[H])[H])=O)=O)[H])[H])=O,[*]C1C(C(C(OC1C(O[Na])=O)OC2C(C(O[Na])=O)OC(O[*])C(O)C2O)O)O,,3.6989700043360174,,10.1016_j.carbpol.2018.12.090_part_4.txt_段1_Material1,4999.999999999984
[*]C(N(CN(C(OCOC(N(CN(C(OCCO[*])=O)[H])[H])=O)=O)[H])[H])=O,[*]C1C(OC(C(C1O)O)OC2C(OC(C(C2O)O)OC3C(OC(C(C3O)O)O[*])CO)CO)CO,,4.817565369559781,,10.1016_j.carbpol.2011.09.098_part_1.txt_段1_Material1,65700.00000000004
[*]C(N(CN(C(OCOC(N(CN(C(OCCO[*])=O)[H])[H])=O)=O)[H])[H])=O,[*]OC1OC(CO)C(OC2C(O)C(O)C([*])C(CO)O2)C(O)C1O,,3.230448921378274,,10.3390_polym10121338_part_2.txt_段1_Material1,1700.000000000001
[*]C([C@H](C)OC([C@H](C)O[*])=O)=O,OCC(C(C(C1N)O)O[*])OC1OC2C(OC(C(C2O)N)[*])CO,,5.750045312011768,,10.3390_pr9010088_part_2.txt_段1_Material2,562400.0000000001
[*]C([C@H](C)OC([C@H](C)O[*])=O)=O,OCC1OC(C(C(C1[*])O)O)OC2C(C(C(OC2CO)O[*])O)O,,5.401055725771844,,10.1016_j.carbpol.2017.09.046_part_2.txt_段1_Material2,251800.0000000001
[*]C([C@H](C)OC([C@H](C)O[*])=O)=O,[*]C1C(C(C(OC1C(O[Na])=O)OC2C(C(O[Na])=O)OC(O[*])C(O)C2O)O)O,,6.535863520712453,,10.14233_ajchem.2013.15392_part_1.txt_段1_Material1,3434500.0000000014
[*]C([C@H](C)OC([C@H](C)O[*])=O)=O,[*]OC1C(C(O)=O)OC(OC2C(NC(C)=O)C([*])OC(CO)C2O)C(O)C1O,,6.567144045195657,,10.1016_j.polymer.2016.03.007_part_2.txt_段1_Material1,3690999.999999997
[*]C([H])([H])C(O)([H])[*],OC(COCC1OC(OC2C(COCC(O)=O)OC([*])C(O)C2O)C(O)C(O)C1O[*])=O,,4.530839778616521,,10.3390_nano10091797_part_3.txt_段1_Material4,33950.00000000003
[*]C([H])([H])C(O)([H])[*],OCC1OC(C(C(C1[*])O)O)OC2C(C(C(OC2CO)O[*])O)O,,7.0,,10.4028_www.scientific.net_amr.1110.40_part_1.txt_段1_Material1,10000000.0
[*]C([H])([H])C(O)([H])[*],OCC1OC(OC2C(O)C(O)C(O[*])OC2CO)C(O)C(O)C1[*],,5.998808399880894,,10.1002_mawe.202000030_part_2.txt_段1_Material1,997260.0
[*]C([H])([H])C(O)([H])[*],[*]C1C(OC(C(C1O)O)OC2C(OC(C(C2O)O)OC3C(OC(C(C3O)O)O[*])CO)CO)CO,,5.400710636773232,,10.1002_pc.25708_part_2.txt_段1_Material1,251600.00000000015
[*]C([H])([H])C(O)([H])[*],[*]OC(C(C1O)O)OC(COC)C1OC(OC(C(C2O)OC3OC(C(C(C3OC)O)OC4OC(C(C(C4OC)O)[*])COC)CO)COC)C2OCC(OC)C,,7.544068044350276,,10.3390_ma12010037_part_1.txt_段1_Material1,35000000.0
[*]C([H])([H])C(O)([H])[*],[*]OC1C(C(OC(C1O)OC2C3C(C(OC2CO3)[*])O)CO)O,,5.146128035678238,,10.1007_s10126-010-9341-8_part_1.txt_段1_Material1,140000.00000000006
[*]C/C=C/C[*],OCC1OC(C(C(C1[*])O)O)OC2C(C(C(OC2CO)O[*])O)O,,5.423360578084977,,10.1177_0892705720935968_part_3.txt_段1_Material5,265070.0000000001
[*]C/C=C/C[*],[*]C1C(OC(C(C1O)O)OC2C(OC(C(C2O)O)OC3C(OC(C(C3O)O)O[*])CO)CO)CO,,5.6776069527204935,,10.1177_0021998316637130_part_3.txt_段1_Material2,476000.0000000004
[*]C/C=C\CCC(C=C)[*],OCC(C(C(C1N)O)O[*])OC1OC2C(OC(C(C2O)N)[*])CO,,6.146128035678238,,10.1016_j.ijbiomac.2016.06.078_part_1.txt_段1_Material1,1400000.0000000005
[*]C1=CC=C([*])N1,OC(COCC1OC(OC2C(COCC(O)=O)OC([*])C(O)C2O)C(O)C(O)C1O[*])=O,,5.832508912706237,,10.1002_mame.201000148_part_2.txt_段1_Material2,680000.0000000005
[*]C1C(C(C(OC1C(O[Na])=O)OC2C(C(O[Na])=O)OC(O[*])C(O)C2O)O)O,O=C(N)C([*])C[*],,1.6989700043360187,,10.1016_j.coco.2021.100837_part_1.txt_段1_Material1,49.99999999999999
[*]C1C(C(C(OC1C(O[Na])=O)OC2C(C(O[Na])=O)OC(O[*])C(O)C2O)O)O,O=C(O)C([*])C[*],,4.431363764158987,,10.1016_j.electacta.2021.138361_part_1.txt_段1_Material1,26999.99999999997
[*]C1C(C(C(OC1C(O[Na])=O)OC2C(C(O[Na])=O)OC(O[*])C(O)C2O)O)O,OCC(C(C(C1N)O)O[*])OC1OC2C(OC(C(C2O)N)[*])CO,,5.406540180433956,,10.1007_s12588-016-9143-6_part_3.txt_段1_Material1,255000.0000000007
[*]C1C(C(C(OC1C(O[Na])=O)OC2C(C(O[Na])=O)OC(O[*])C(O)C2O)O)O,OCC1OC(C(C(C1[*])O)O)OC2C(C(C(OC2CO)O[*])O)O,,6.301029995663981,,10.1002_app.45857_part_2.txt_段1_Material1,2000000.0
[*]C1C(C(C(OC1C(O[Na])=O)OC2C(C(O[Na])=O)OC(O[*])C(O)C2O)O)O,[*]C(CCCCCO[*])=O,,4.845098040014257,,10.1021_acsami.0c07352_part_5.txt_段1_Material1,70000.00000000001
[*]C1C(C(C(OC1C(O[Na])=O)OC2C(C(O[Na])=O)OC(O[*])C(O)C2O)O)O,[*]C([H])([H])C(O)([H])[*],,3.845098040014257,,10.1016_j.carbon.2016.10.042_part_2.txt_段1_Material1,7000.000000000002
[*]C1C(C(C(OC1C(O[Na])=O)OC2C(C(O[Na])=O)OC(O[*])C(O)C2O)O)O,[*]CC(C#N)[*],,6.707570176097937,,10.1016_j.memsci.2014.06.053_part_2.txt_段1_Material1,5100000.000000004
[*]C1C(C(C(OC1C(O[Na])=O)OC2C(C(O[Na])=O)OC(O[*])C(O)C2O)O)O,[*]CC(C(OCC)=O)[*],,6.386677283960838,,10.3390_polym13040504_part_2.txt_段1_Material3,2435999.9999999995
[*]C1C(C(C(OC1C(O[Na])=O)OC2C(C(O[Na])=O)OC(O[*])C(O)C2O)O)O,[*]OCC[*],,5.672097857935717,,10.1021_acsami.9b17597_part_1.txt_段1_Material1,469999.9999999996
[*]C1C(O)C(O)C(OC2C(O)C(O)C(O[*])OC2COC(C)=O)OC1COC(C)=O,OCC1OC(C(C(C1[*])O)O)OC2C(C(C(OC2CO)O[*])O)O,,6.068185861746161,,10.1007_s10570-015-0665-4_part_1.txt_段1_Material1,1169999.999999999
[*]C1C(O)C(O)C(OC2C(O)C(O)C(O[*])OC2COC(C)=O)OC1COC(C)=O,[*]C(CCCCCO[*])=O,,5.509202522331103,,10.1016_j.mtchem.2020.100358_part_2.txt_段1_Material3,323000.00000000006
[*]C1C(O)C(O)C(OC2C(O)C(O)C(O[*])OC2COC(C)=O)OC1COC(C)=O,[*]C(OCCCO[*])=O,,5.673020907128897,,10.1016_j.mtchem.2020.100358_part_2.txt_段1_Material1,471000.00000000047
[*]C1C(O)C(O)C(OC2C(O)C(O)C(O[*])OC2COC(C)=O)OC1COC(C)=O,[*]OCCCCOC(CCC([*])=O)=O,,5.892094602690481,,10.1002_app.45429_part_2.txt_段1_Material1,780000.0000000007
[*]C1C(O)C(O)C(OC2C(O)C(O)C(O[*])OC2COC(C)=O)OC1COC(C)=O,[*]O[C@H](C)CC([*])=O,,5.673020907128897,,10.1016_j.mtchem.2020.100358_part_2.txt_段1_Material2,471000.00000000047
[*]C1C(O)C(O)C(OC2C(O)C(O)C(O[*])OC2COC(C)=O)OC1COC(C)=O,[H]N(C(O[*])=O)CCCCCCN(C(OCCCCO[*])=O)[H],,6.207095540419218,,10.1016_j.carbpol.2021.118620_part_1.txt_段1_Material1,1610999.9999999984
[*]C1C(OC(C(C1O)O)OC2C(OC(C(C2O)O)OC3C(OC(C(C3O)O)O[*])CO)CO)CO,OCC(C(C(C1N)O)O[*])OC1OC2C(OC(C(C2O)N)[*])CO,,5.0,,10.1177_8756087915590189_part_4.txt_段1_Material3,100000.0
[*]C1C(OC(C(C1O)O)OC2C(OC(C(C2O)O)OC3C(OC(C(C3O)O)O[*])CO)CO)CO,OCC1OC(C(C(C1[*])O)O)OC2C(C(C(OC2CO)O[*])O)O,,5.238522812218293,,10.1088_1757-899x_1034_1_012167_part_2.txt_段1_Material1,173189.99999999988
[*]C1C(OC(C(C1O)O)OC2C(OC(C(C2O)O)OC3C(OC(C(C3O)O)O[*])CO)CO)CO,OCC1OC(C(C(C1[*])O)O)OC2C(C(C(OC2CO)O[*])O)O,,5.639486489268586,,10.1002_pat.4796_part_1.txt_段1_Material1,436000.0000000003
[*]C1C(OC(C(C1O)O)OC2C(OC(C(C2O)O)OC3C(OC(C(C3O)O)O[*])CO)CO)CO,[*]C(C)C[*],,5.672097857935717,,10.1088_1757-899x_368_1_012017_part_1.txt_段1_Material1,469999.9999999996
[*]C1C(OC(C(C1O)O)OC2C(OC(C(C2O)O)OC3C(OC(C(C3O)O)O[*])CO)CO)CO,[*]C(CCCCC(OCCCCO[*])=O)=O,,5.774838005983815,,10.1016_j.carbpol.2020.116392_part_2.txt_段1_Material2,595440.0
[*]C1C(OC(C(C1O)O)OC2C(OC(C(C2O)O)OC3C(OC(C(C3O)O)O[*])CO)CO)CO,[*]C(CCCCCO[*])=O,,4.681241237375588,,10.1016_j.carbpol.2015.03.080_part_2.txt_段1_Material1,48000.00000000005
[*]C1C(OC(C(C1O)O)OC2C(OC(C(C2O)O)OC3C(OC(C(C3O)O)O[*])CO)CO)CO,[*]C([H])([H])C(O)([H])[*],,6.835500327867319,,10.1016_j.compscitech.2010.05.022_part_1.txt_段1_Material1,6847000.0
[*]C1C(OC(C(C1O)O)OC2C(OC(C(C2O)O)OC3C(OC(C(C3O)O)O[*])CO)CO)CO,[*]C1C(OC(C(C1O)O)OC2C(OC(C(C2O)O)OC3C(OC(C(C3O)O)O[*])CO)CO)CO,,6.278753600952829,,10.1016_j.compositesa.2012.11.010_part_1.txt_段1_Material1,1899999.9999999995
[*]C1C(OC(C(C1O)O)OC2C(OC(C(C2O)O)OC3C(OC(C(C3O)O)O[*])CO)CO)CO,[*]CCCC([*])OC(C)=O,,6.32221929473392,,10.1080_15440478.2018.1534192_part_4.txt_段1_Material3,2100000.0000000056
[*]C1C(OC(C(C1O)O)OC2C(OC(C(C2O)O)OC3C(OC(C(C3O)O)O[*])CO)CO)CO,[*]CC[*],,5.737272176535544,,10.4028_www.scientific.net_kem.800.210_part_1.txt_段1_Material1,546100.0000000012
[*]C1C(OC(C(C1O)O)OC2C(OC(C(C2O)O)OC3C(OC(C(C3O)O)O[*])CO)CO)CO,[*]OCCCCOC(CCC([*])=O)=O,,5.371067862271736,,10.1016_j.polymertesting.2013.10.006_part_2.txt_段1_Material2,234999.99999999977
[*]C1C(OC(C(C1O)O)OC2C(OC(C(C2O)O)OC3C(OC(C(C3O)O)O[*])CO)CO)CO,[*]OCC[*],,5.647715410691554,,10.32802_asmscj.2021.571_OA_part_2.txt_段1_Material1,444339.99999999953
[*]C1C(OC(C(C1O)O)OC2C(OC(C(C2O)O)OC3C(OC(C(C3O)O)O[*])CO)CO)CO,[H]N(C(O[*])=O)CCCCCCN(C(OCCCCO[*])=O)[H],,4.872738827472669,,10.1002_star.201900098_part_4.txt_段1_Material1,74600.00000000004
[*]CC(C#N)[*],OCC1OC(C(C(C1[*])O)O)OC2C(C(C(OC2CO)O[*])O)O,,5.146128035678238,,10.1016_j.job.2018.09.002_part_4.txt_段1_Material1,140000.00000000006
[*]CC(C)(C(OCCO)=O)[*],OCC(C(C(C1N)O)O[*])OC1OC2C(OC(C(C2O)N)[*])CO,,2.615529223637133,,"具有双氯芬酸洗脱能力的低摩擦水凝胶,用于干眼治疗性隐形眼镜.pdf",412.6
[*]CC(C)(C(OCCO)=O)[*],OCC1OC(C(C(C1[*])O)O)OC2C(C(C(OC2CO)O[*])O)O,,2.630427875025024,,10.1007_s10570-017-1244-7_part_3.txt_段1_Material1,427.00000000000017
[*]CC(C1=CC=CC=C1)[*],OCC(C(C(C1N)O)O[*])OC1OC2C(OC(C(C2O)N)[*])CO,,6.3979400086720375,,10.1002_pen.25273_part_1.txt_段1_Material1,2499999.9999999995
[*]CC(C1=CC=CC=C1)[*],OCC1OC(C(C(C1[*])O)O)OC2C(C(C(OC2CO)O[*])O)O,,6.246498580795801,,10.1007_s10570-015-0787-8_part_2.txt_段1_Material1,1763999.999999999
[*]CC(C1=CC=CC=C1)[*],[*]C1C(O)C(O)C(OC2C(O)C(O)C(O[*])OC2COC(C)=O)OC1COC(C)=O,,6.146128035678238,,10.1021_acssuschemeng.0c06480_part_2.txt_段1_Material1,1400000.0000000005
[*]CC(OC(O[*])=O)C,OCC(C(C(C1N)O)O[*])OC1OC2C(OC(C(C2O)N)[*])CO,,6.006037954997317,,10.1016_j.carbpol.2010.11.045_part_1.txt_段1_Material1,1013999.9999999992
[*]CC(OC(O[*])=O)C,[*]C1C(O)C(O)C(OC2C(O)C(O)C(O[*])OC2COC(C)=O)OC1COC(C)=O,,6.093421685162235,,10.1016_j.carbpol.2012.11.058_part_1.txt_段1_Material1,1239999.9999999988
[*]CC(OC(O[*])=O)C,[*]C1C(OC(C(C1O)O)OC2C(OC(C(C2O)O)OC3C(OC(C(C3O)O)O[*])CO)CO)CO,,5.78625439578978,,10.1007_s00289-019-02762-7_part_1.txt_段1_Material1,611299.9999999998
[*]CC(OC(O[*])=O)C,[*][C@H]1[C@H](O)[C@@H](O)[C@H](OC2C(O)C(OC(C)=O)C(O[*])OC2CO)O[C@@H]1CO,,6.093421685162235,,10.1016_j.carbpol.2012.11.058_part_2.txt_段1_Material1,1239999.9999999988
[*]CC([*])Cl,OCC1OC(C(C(C1[*])O)O)OC2C(C(C(OC2CO)O[*])O)O,,6.75427186868346,,10.1002_app.35482_part_1.txt_段1_Material1,5679000.000000016
[*]CC([*])Cl,[*]C1C(OC(C(C1O)O)OC2C(OC(C(C2O)O)OC3C(OC(C(C3O)O)O[*])CO)CO)CO,,5.850033257689769,,10.1002_pen.25761_part_2.txt_段1_Material1,707999.9999999998
[*]CCCC([*])OC(C)=O,OCC1OC(C(C(C1[*])O)O)OC2C(C(C(OC2CO)O[*])O)O,,6.079181246047625,,10.1016_j.carbpol.2013.02.039_part_1.txt_段1_Material1,1200000.0000000007
[*]CCN[*],OCC1OC(C(C(C1[*])O)O)OC2C(C(C(OC2CO)O[*])O)O,,5.518513939877887,,10.1007_s10570-021-04086-0_part_2.txt_段1_Material2,329999.9999999997
[*]CCN[*],[*]C1C(OC(C(C1O)O)OC2C(OC(C(C2O)O)OC3C(OC(C(C3O)O)O[*])CO)CO)CO,,5.553883026643875,,10.1016_j.carbpol.2015.09.090_part_4.txt_段1_Material1,358000.0000000002
[*]CC[*],OCC(C(C(C1N)O)O[*])OC1OC2C(OC(C(C2O)N)[*])CO,,6.776327733563306,,10.3390_ma11020291_part_2.txt_段1_Material2,5974860.000000003
[*]CC[*],OCC1OC(C(C(C1[*])O)O)OC2C(C(C(OC2CO)O[*])O)O,,6.056904851336473,,10.1021_acsami.7b13963_part_3.txt_段1_Material1,1140000.0000000002
[*]CC[*],[*]C1C(OC(C(C1O)O)OC2C(OC(C(C2O)O)OC3C(OC(C(C3O)O)O[*])CO)CO)CO,,6.0,,10.34302_crpjfst_2020.12.5.1_OA_part_3.txt_段1_Material1,1000000.0
[*]CC[*],[*]OC1C(C(O)=O)OC(OC2C(NC(C)=O)C([*])OC(CO)C2O)C(O)C1O,,6.033423755486949,,10.1080_03602559.2013.763364_part_2.txt_段1_Material1,1079999.9999999993
[*]CNCC1=CC=CC([*])=C1O,OCC1OC(C(C(C1[*])O)O)OC2C(C(C(OC2CO)O[*])O)O,,6.503790683057181,,10.1177_0967391120903664_part_2.txt_段1_Material1,3189999.999999999
[*]NC(C(N1CCCC1C(NCC(N2CC(CC2C(NC(C(NCC([*])=O)=O)CO)=O)O)=O)=O)=O)CCCCN,[*]OC(C(C1O)O)OC(COC)C1OC(OC(C(C2O)OC3OC(C(C(C3OC)O)OC4OC(C(C(C4OC)O)[*])COC)CO)COC)C2OCC(OC)C,,4.754883228252168,,10.1016_j.matlet.2014.06.055_part_1.txt_段1_Material1,56870.00000000004
[*]NC(C(O)=O)CCC([*])=O,OCC1OC(C(C(C1[*])O)O)OC2C(C(C(OC2CO)O[*])O)O,,5.287129620719111,,10.1016_j.reactfunctpolym.2021.104864_part_1.txt_段1_Material1,193700.0000000001
[*]NCCCCCCCCCCCC([*])=O,[*]C1C(OC(C(C1O)O)OC2C(OC(C(C2O)O)OC3C(OC(C(C3O)O)O[*])CO)CO)CO,,6.2576785748691846,,10.3139_217.2576_part_2.txt_段1_Material1,1810000.0
[*]OC(C(C1O)O)OC(COC)C1OC(OC(C(C2O)OC3OC(C(C(C3OC)O)OC4OC(C(C(C4OC)O)[*])COC)CO)COC)C2OCC(OC)C,OCC1OC(OC2C(O)C(O)C(O[*])OC2CO)C(O)C(O)C1[*],,6.2552725051033065,,10.1021_acssuschemeng.8b01855_part_1.txt_段1_Material1,1800000.0000000016
[*]OC(C(C1O)O)OC(COC)C1OC(OC(C(C2O)OC3OC(C(C(C3OC)O)OC4OC(C(C(C4OC)O)[*])COC)CO)COC)C2OCC(OC)C,[*]C([H])([H])C(O)([H])[*],,6.531478917042255,,10.1007_s10570-015-0624-0_part_3.txt_段1_Material1,3400000.000000002
[*]OC(CC(OC(CC([*])=O)CC)=O)C,OCC1OC(C(C(C1[*])O)O)OC2C(C(C(OC2CO)O[*])O)O,,6.3979400086720375,,10.3390_polym12123006_part_2.txt_段1_Material2,2499999.9999999995
[*]OC(CC(OC(CC([*])=O)CC)=O)C,[*]C1C(OC(C(C1O)O)OC2C(OC(C(C2O)O)OC3C(OC(C(C3O)O)O[*])CO)CO)CO,,6.531478917042255,,10.1002_app.46153_part_1.txt_段1_Material1,3400000.000000002
[*]OC1C(C(C(OC1C)OC2C(C(OC(C2O)COC(C)=O)OC3C(C(C(OC3C(O)=O)OC4C(C(C(OC4CO)O[*])O)O)O)O)OC(C(O)CO)=O)O)O,[*]NC(C(O)=O)CCC([*])=O,,6.308991029000164,,10.1016_j.polymer.2021.124049_part_2.txt_段1_Material1,2036999.9999999984
[*]OC1C(C(O)=O)OC(OC2C(NC(C)=O)C([*])OC(CO)C2O)C(O)C1O,[*]C(CCCCCO[*])=O,,5.361727836017593,,10.1016_j.molstruc.2016.04.020_part_1.txt_段1_Material1,230000.0000000001
[*]OC1C(C(O)=O)OC(OC2C(NC(C)=O)C([*])OC(CO)C2O)C(O)C1O,[*]O[C@H](C)CC([*])=O,,6.544068044350276,,10.1080_10643389.2014.966422_part_1.txt_段1_Material1,3500000.0000000005
[*]OC1C(C(OC(C1O)OC2C3C(C(OC2CO3)[*])O)CO)O,O=C(N)C([*])C[*],,2.6972293427597176,,10.1016_j.polymertesting.2018.05.025_part_1.txt_段1_Material1,498.00000000000006
[*]OC1C(C(OC(C1O)OC2C3C(C(OC2CO3)[*])O)CO)O,OCC1OC(C(C(C1[*])O)O)OC2C(C(C(OC2CO)O[*])O)O,,4.746322765089953,,10.1016_j.foodhyd.2014.09.037_part_8.txt_段1_Material1,55760.00000000005
[*]OC1C(C(OC(C1O)OC2C3C(C(OC2CO3)[*])O)CO)O,[*][C@H]1[C@H](O)[C@@H](O)[C@H](O[C@H]2[C@H]([C@@H](O)[C@H](O[C@H]3[C@H](O)[C@H](O)[C@H](O[C@H]4[C@H](O)[C@H](O)[C@H](O[*])O[C@@H]4CO)O[C@@H]3CO)O[C@@H]2COC(C)=O)O)O[C@@H]1CO,,6.291391053078407,,10.1016_j.carbpol.2013.03.083_part_1.txt_段1_Material2,1956100.0000000016
[*]OC1OC(CO)C(OC2C(O)C(O)C([*])C(CO)O2)C(O)C1O,O=C(C1=CC=C(C=C1)C(OCC[*])=O)O[*],,6.491361693834273,,10.4271_2018-01-0844_part_1.txt_段1_Material1,3100000.000000003
[*]OC1OC(CO)C(OC2C(O)C(O)C([*])C(CO)O2)C(O)C1O,[*]C(C)C[*],,6.113943352306837,,10.1007_s12221-012-1300-8_part_2.txt_段1_Material1,1300000.0000000005
[*]OCC1C(C(C(CC1CO)COCC2C(C(C(CC2CO)C[*])O)COCC3C(C(C(C(O3)CO)O)O)COCC4C(C(C(C(O4)C(O)=O)COCC5C(C(C(C(O5)C(O)=O)O)O)O)O)O)O)O,[*]C1C(OC(C(C1O)O)OC2C(OC(C(C2O)O)OC3C(OC(C(C3O)O)O[*])CO)CO)CO,,5.079181246047625,,10.1016_j.trgeo.2020.100385_part_6.txt_段1_Material1,120000.00000000007
[*]OCCCCOC(CCC([*])=O)=O,[*]C1C(OC(C(C1O)O)OC2C(OC(C(C2O)O)OC3C(OC(C(C3O)O)O[*])CO)CO)CO,,6.041392685158225,,10.1016_j.carbpol.2016.08.048_part_2.txt_段1_Material2,1100000.0000000007
[*]OCCCCOC(CCC([*])=O)=O,[*]OC1C(C(O)=O)OC(OC2C(NC(C)=O)C([*])OC(CO)C2O)C(O)C1O,,5.656960182742849,,10.1007_s13233-016-4131-4_part_2.txt_段1_Material1,453899.9999999999
[*]OCCOC(CC(C([*])=O)C(C1CCCCC1)CC(CC(O)=O)C(OCCO)=O)=O,OCC1OC(C(C(C1[*])O)O)OC2C(C(C(OC2CO)O[*])O)O,,6.44870631990508,,10.1007_s13233-018-6006-3_part_2.txt_段1_Material1,2809999.9999999995
[*]OCCOC(CC(C([*])=O)C(C1CCCCC1)CC(CC(O)=O)C(OCCO)=O)=O,[*]C1C(C(C(OC1C(O[Na])=O)OC2C(C(O[Na])=O)OC(O[*])C(O)C2O)O)O,,4.954242509439325,,10.1016_j.polymdegradstab.2020.109377_part_3.txt_段1_Material4,90000.00000000007
[*]OCCOC(CC(C([*])=O)C(C1CCCCC1)CC(CC(O)=O)C(OCCO)=O)=O,[*]OC1OC(CO)C(OC2C(O)C(O)C([*])C(CO)O2)C(O)C1O,,6.857332496431268,,10.1177_0021998311430866_part_1.txt_段1_Material1,7199999.9999999935
[*]OCC[*],OCC(C(C(C1N)O)O[*])OC1OC2C(OC(C(C2O)N)[*])CO,,6.32221929473392,,10.1088_1757-899x_864_1_012169_part_1.txt_段1_Material1,2100000.0000000056
[*]OCC[*],OCC1OC(C(C(C1[*])O)O)OC2C(C(C(OC2CO)O[*])O)O,,4.505149978319906,,10.1007_s10570-013-0002-8_part_1.txt_段1_Material1,32000.000000000025
[*]O[C@H](C)CC([*])=O,OCC1OC(C(C(C1[*])O)O)OC2C(C(C(OC2CO)O[*])O)O,,5.079181246047625,,10.1007_s10570-014-0415-z_part_2.txt_段1_Material1,120000.00000000007
[*]O[C@H](C)CC([*])=O,[*]OC1OC(CO)C(OC2C(O)C(O)C([*])C(CO)O2)C(O)C1O,,5.771587480881255,,10.1016_j.polymertesting.2013.10.011_part_1.txt_段1_Material2,590999.9999999995
[*][C@H]1[C@H](O)[C@@H](O)[C@H](OC2C(O)C(OC(C)=O)C(O[*])OC2CO)O[C@@H]1CO,[*]C(CCCCCO[*])=O,,5.002166061756507,,10.1177_0885328214542488_part_2.txt_段1_Material1,100499.99999999993
[*][C@H]1[C@H](O)[C@@H](O)[C@H](O[C@H]2[C@H]([C@@H](O)[C@H](O[C@H]3[C@H](O)[C@H](O)[C@H](O[C@H]4[C@H](O)[C@H](O)[C@H](O[*])O[C@@H]4CO)O[C@@H]3CO)O[C@@H]2COC(C)=O)O)O[C@@H]1CO,OCC1OC(C(C(C1[*])O)O)OC2C(C(C(OC2CO)O[*])O)O,,6.071882007306125,,10.1007_s10570-019-02302-6_part_1.txt_段1_Material1,1179999.999999999
[H]N(C(O[*])=O)CCCCCCN(C(OCCCCO[*])=O)[H],OCC1OC(C(C(C1[*])O)O)OC2C(C(C(OC2CO)O[*])O)O,,6.491361693834273,,10.1007_s10570-013-0007-3_part_5.txt_段1_Material2,3100000.000000003
[H]N(C(O[*])=O)CCCCCCN(C(OCCCCO[*])=O)[H],OCC1OC(C(C(C1[*])O)O)OC2C(C(C(OC2CO)O[*])O)O,,6.278753600952829,,10.1016_j.porgcoat.2015.05.013_part_1.txt_段1_Material1,1899999.9999999995
[H]N(C(O[*])=O)CCCCCCN(C(OCCCCO[*])=O)[H],[*]C1C(C(C(OC1C(O[Na])=O)OC2C(C(O[Na])=O)OC(O[*])C(O)C2O)O)O,,5.221674997070769,,10.3390_polym12122882_part_3.txt_段1_Material1,166600.00000000015
[H]N(C(O[*])=O)CCCCCCN(C(OCCCCO[*])=O)[H],[*]C1C(OC(C(C1O)O)OC2C(OC(C(C2O)O)OC3C(OC(C(C3O)O)O[*])CO)CO)CO,,4.239049093140191,,10.1002_app.41158_part_1.txt_段1_Material1,17339.99999999999
[H]N(C(O[*])=O)CCCCCCN(C(OCCCCO[*])=O)[H],[*]OC1C(C(O)=O)OC(OC2C(NC(C)=O)C([*])OC(CO)C2O)C(O)C1O,,4.895201474778894,,10.1080_25740881.2020.1757105_part_3.txt_段1_Material2,78560.00000000007
[H]N(C([H])([H])C(N([H])C(C)([H])C(N(C([H])([H])C([*])=O)[H])=O)=O)C(C(N([*])[H])(C)[H])=O,OC(COCC1OC(OC2C(COCC(O)=O)OC([*])C(O)C2O)C(O)C(O)C1O[*])=O,,5.311965660368366,,10.1016_j.ijbiomac.2018.11.203_part_2.txt_段1_Material1,205099.99999999988
[H]N(C([H])([H])C(N([H])C(C)([H])C(N(C([H])([H])C([*])=O)[H])=O)=O)C(C(N([*])[H])(C)[H])=O,OCC(C(C(C1N)O)O[*])OC1OC2C(OC(C(C2O)N)[*])CO,,5.338456493604605,,10.1002_app.44341_part_1.txt_段1_Material1,218000.0000000001
[H]N(C([H])([H])C(N([H])C(C)([H])C(N(C([H])([H])C([*])=O)[H])=O)=O)C(C(N([*])[H])(C)[H])=O,OCC1OC(C(C(C1[*])O)O)OC2C(C(C(OC2CO)O[*])O)O,,5.489958479424835,,10.1007_s12221-011-1002-7_part_1.txt_段1_Material1,309000.0
[H]N(C([H])([H])C(N([H])C(C)([H])C(N(C([H])([H])C([*])=O)[H])=O)=O)C(C(N([*])[H])(C)[H])=O,[*]OC1C(C(O)=O)OC(OC2C(NC(C)=O)C([*])OC(CO)C2O)C(O)C1O,,,0.9115,,
[*]OC1C(C(O)=O)OC(OC2C(NC(C)=O)C([*])OC(CO)C2O)C(O)C1O,[*]C1C(C(C(OC1C(O[Na])=O)OC2C(C(O[Na])=O)OC(O[*])C(O)C2O)O)O,,,4.0,,
[*]C1C(OC(C(C1O)O)OC2C(OC(C(C2O)O)OC3C(OC(C(C3O)O)O[*])CO)CO)CO,[*]CC=CCCC(C1=CC=CC=C1)[*],,,2.0,,
[*]OC1C(C(O)=O)OC(OC2C(NC(C)=O)C([*])OC(CO)C2O)C(O)C1O,[*]OC1OC(CO)C(O)C(OC2OC(C(NC(CS)C(OC)=O)=O)C(OC[*])C(O)C2O)C1NC(C)=O,,,0.027,,
[*]C1C(C(C(OC1C(O[Na])=O)OC2C(C(O[Na])=O)OC(O[*])C(O)C2O)O)O,[*]OC(C(C1O)O)OC(COC)C1OC(OC(C(C2O)OC3OC(C(C(C3OC)O)OC4OC(C(C(C4OC)O)[*])COC)CO)COC)C2OCC(OC)C,,,1.3057,,
OCC(C(C(C1N)O)O[*])OC1OC2C(OC(C(C2O)N)[*])CO,O=C(C(C[*])[*])N,,,53.0,,
[*]C1C(O)C(O)C(OC2C(O)C(O)C(O[*])OC2COC(C)=O)OC1COC(C)=O,O=C(C(C[*])[*])N,,,0.026,,
[*]CC(OC(O[*])=O)C,[*]C1C(C(C(OC1C(O[Na])=O)OC2C(C(O[Na])=O)OC(O[*])C(O)C2O)O)O,,,0.42,,
OCC(C(C(C1N)O)O[*])OC1OC2C(OC(C(C2O)N)[*])CO,OCC1OC(C(C(C1[*])O)O)OC2C(C(C(OC2CO)O[*])O)O,,,1.5,,
[*]C1C(C(C(OC1C(O[Na])=O)OC2C(C(O[Na])=O)OC(O[*])C(O)C2O)O)O,OC(COCC1OC(OC2C(COCC(O)=O)OC([*])C(O)C2O)C(O)C(O)C1O[*])=O,,,0.018,,
O=C(C(C[*])[*])N,[*]C1C(C(C(OC1C(O[Na])=O)OC2C(C(O[Na])=O)OC(O[*])C(O)C2O)O)O,,,120.0,,
O=C(O)C([*])C[*],[*]C1C(C(C(OC1C(O[Na])=O)OC2C(C(O[Na])=O)OC(O[*])C(O)C2O)O)O,,,8.0,,
OC(COCC1OC(OC2C(COCC(O)=O)OC([*])C(O)C2O)C(O)C(O)C1O[*])=O,OCC1OC(C(C(C1O[*])O)O)[*],,,10.75,,
[*]C1C(OC(C(C1O)O)OC2C(OC(C(C2O)O)OC3C(OC(C(C3O)O)O[*])CO)CO)CO,O=C(C(C[*])[*])N,,,6.026599999999999,,
[*]C1C(C(C(OC1C(O[Na])=O)OC2C(C(O[Na])=O)OC(O[*])C(O)C2O)O)O,[*]OC1C(C(OC(C1O)OC2C3C(C(OC2CO3)[*])O)CO)O,,,0.15,,
[*]C(C(OC1O[*])COC(C)=O)C(O)C1NC(C)=O,[*]C1C(C(C(OC1C(O[Na])=O)OC2C(C(O[Na])=O)OC(O[*])C(O)C2O)O)O,,,1.915,,
OCC(C(C(C1N)O)O[*])OC1OC2C(OC(C(C2O)N)[*])CO,[*]C([H])([H])C(O)([H])[*],,,13.31,,
O=C(O)C([*])C[*],OCC1OC(C(C(C1[*])O)O)OC2C(C(C(OC2CO)O[*])O)O,,,0.7,,
O=C(N1C(C([*])=O)CC(O)C1)CNC(C2CCCN2[*])=O,[*]OC1C(C(O)=O)OC(OC2C(NC(C)=O)C([*])OC(CO)C2O)C(O)C1O,,,0.9,,
[*]C1C(C(C(OC1C(O[Na])=O)OC2C(C(O[Na])=O)OC(O[*])C(O)C2O)O)O,OCC1OC(C(C(C1[*])O)O)OC2C(C(C(OC2CO)O[*])O)O,,,5.7,,
OCC(C(C(C1N)O)O[*])OC1OC2C(OC(C(C2O)N)[*])CO,[*]OC1C(C(O)=O)OC(OC2C(NC(C)=O)C([*])OC(CO)C2O)C(O)C1O,,,11.2,,
OCC(C(C(C1N)O)O[*])OC1OC2C(OC(C(C2O)N)[*])CO,[*]OC(C(C1O)O)OC(COC)C1OC(OC(C(C2O)OC3OC(C(C(C3OC)O)OC4OC(C(C(C4OC)O)[*])COC)CO)COC)C2OCC(OC)C,,,1.0,,
OCC1OC(C(C(C1[*])O)O)OC2C(C(C(OC2CO)O[*])O)O,[*]C1=CC=C([*])N1,,,0.1,,
OCC(C(C(C1N)O)O[*])OC1OC2C(OC(C(C2O)N)[*])CO,O=C(O)C([*])C[*],,,0.4446,,
[*]C1C(OC(C(C1O)O)OC2C(OC(C(C2O)O)OC3C(OC(C(C3O)O)O[*])CO)CO)CO,[*]C([H])([H])C(O)([H])[*],,,2.1293,,
[H]N(C([H])([H])C(N([H])C(C)([H])C(N(C([H])([H])C([*])=O)[H])=O)=O)C(C(N([*])[H])(C)[H])=O,[*]C1C(C(C(OC1C(O[Na])=O)OC2C(C(O[Na])=O)OC(O[*])C(O)C2O)O)O,,,0.95,,
[*]C1C(C(C(OC1C(O[Na])=O)OC2C(C(O[Na])=O)OC(O[*])C(O)C2O)O)O,O=C(C(C[*])[*])N,,,8.0,,
OCC1OC(C(C(C1O)O[*])O)OC2C(C(C(OC2COS(=O)(O)=O)[*])NC(C)=O)O,[*]C1C(C(C(OC1C(O[Na])=O)OC2C(C(O[Na])=O)OC(O[*])C(O)C2O)O)O,,,7.0,,
[*]C([H])([H])C(O)([H])[*],[*]OC1C(C(O)=O)OC(OC2C(NC(C)=O)C([*])OC(CO)C2O)C(O)C1O,,,16.9,,
OC(COCC1OC(OC2C(COCC(O)=O)OC([*])C(O)C2O)C(O)C(O)C1O[*])=O,O=C(C(C[*])[*])N,,,23.1255,,
OC1C(OC(C(C1O)O)C[*])COCC(OC(C(O)C=O)CO[*])C=O,OCC(C(C(C1N)O)O[*])OC1OC2C(OC(C(C2O)N)[*])CO,,,10.56,,
[*]CC=CCCC(C1=CC=CC=C1)[*],[*]C1C(OC(C(C1O)O)OC2C(OC(C(C2O)O)OC3C(OC(C(C3O)O)O[*])CO)CO)CO,,,3.5845,,
[*]OC1C(C(O)=O)OC(OC2C(NC(C)=O)C([*])OC(CO)C2O)C(O)C1O,OCC1OC(C(C(C1[*])O)O)OC2C(C(C(OC2CO)O[*])O)O,,,2.25,,
[H]N(C([H])([H])C(N([H])C(C)([H])C(N(C([H])([H])C([*])=O)[H])=O)=O)C(C(N([*])[H])(C)[H])=O,OC(COCC1OC(OC2C(COCC(O)=O)OC([*])C(O)C2O)C(O)C(O)C1O[*])=O,,,3.89,,
OCC(C(C(C1N)O)O[*])OC1OC2C(OC(C(C2O)N)[*])CO,[*]C1C(OC(C(C1O)O)OC2C(OC(C(C2O)O)OC3C(OC(C(C3O)O)O[*])CO)CO)CO,,,3.0,,
OCC1OC(C(C(C1[*])O)O)OC2C(C(C(OC2CO)O[*])O)O,[H]N(C([H])([H])C(N([H])C(C)([H])C(N(C([H])([H])C([*])=O)[H])=O)=O)C(C(N([*])[H])(C)[H])=O,,,2.2,,
[*]C1C(C(C(OC1C(O[Na])=O)OC2C(C(O[Na])=O)OC(O[*])C(O)C2O)O)O,[*]OC1C(C(O)=O)OC(OC2C(NC(C)=O)C([*])OC(CO)C2O)C(O)C1O,,,0.56,,
[*]C1C(OC(C(C1O)O)OC2C(OC(C(C2O)O)OC3C(OC(C(C3O)O)O[*])CO)CO)CO,[*]OC1C(C(OC(C1O)OC2C3C(C(OC2CO3)[*])O)CO)O,,,0.08,,
[*]C1C(C(C(OC1C(O[Na])=O)OC2C(C(O[Na])=O)OC(O[*])C(O)C2O)O)O,[*]CC([*])N1CCCC1=O,,,3.5025,,
OCC(C(C(C1N)O)O[*])OC1OC2C(OC(C(C2O)N)[*])CO,[*]C(CCCCCO[*])=O,,,7.93,,
[*]OC1OC(CO)C(O)C(OC2OC(C(NC(CS)C(OC)=O)=O)C(OC[*])C(O)C2O)C1NC(C)=O,[*]OC1C(C(O)=O)OC(OC2C(NC(C)=O)C([*])OC(CO)C2O)C(O)C1O,,,2.4011,,
OCC(C(C(C1N)O)O[*])OC1OC2C(OC(C(C2O)N)[*])CO,[*]C1C(C(C(OC1C(O[Na])=O)OC2C(C(O[Na])=O)OC(O[*])C(O)C2O)O)O,,,0.9,,
OCC1OC(C(C(C1[*])O)O)OC2C(C(C(OC2CO)O[*])O)O,OCC(C(C(C1N)O)O[*])OC1OC2C(OC(C(C2O)N)[*])CO,,,15.0,,
[H]N(C([H])([H])C(N([H])C(C)([H])C(N(C([H])([H])C([*])=O)[H])=O)=O)C(C(N([*])[H])(C)[H])=O,OCC(C(C(C1N)O)O[*])OC1OC2C(OC(C(C2O)N)[*])CO,,,16.0,,
OCC(C(C(C1N)O)O[*])OC1OC2C(OC(C(C2O)N)[*])CO,[*]NC(C(O)=O)CCC([*])=O,,,6.17,,
OCC1OC(C(C(C1[*])O)O)OC2C(C(C(OC2CO)O[*])O)O,O=C(C(C[*])[*])N,,,0.01,,
[*]C(C)C(OCC(O[*])=O)=O,OCC(C(C(C1N)O)O[*])OC1OC2C(OC(C(C2O)N)[*])CO,,,15.0,,
[*]NC(C(O)=O)CCC([*])=O,OCC(C(C(C1N)O)O[*])OC1OC2C(OC(C(C2O)N)[*])CO,,,0.408,,
[*]C([H])([H])C(O)([H])[*],[*]C1C(OC(C(C1O)O)OC2C(OC(C(C2O)O)OC3C(OC(C(C3O)O)O[*])CO)CO)CO,,,0.9,,
OCC1OC(C(C(C1[*])O)O)OC2C(C(C(OC2CO)O[*])O)O,O=C(C1=CC=C(C=C1)C(OCC[*])=O)O[*],,,0.188,,
OC(C(C1OC2OC(C(C(C2O)O)OC3OC(C(C(C3O)O)O)COC4OC(C(C(C4O)O)OC5OC(C(C(C5O)O)OC6OC(C(C(C6O)O[*])O)C)CO)CO)CO)O[*])COC1CO,[*]C1=C(C=CN2)C2=C([*])C(O)=C1O,,,0.69,,
[*]C([H])([H])C(O)([H])[*],OCC(C(C(C1N)O)O[*])OC1OC2C(OC(C(C2O)N)[*])CO,,,15.0,,
OCC1OC(C(C(C1[*])O)O)OC2C(C(C(OC2CO)O[*])O)O,[*]OC1C(C(O)=O)OC(OC2C(NC(C)=O)C([*])OC(CO)C2O)C(O)C1O,,,0.6462,,
[*]OC1C(C(O)=O)OC(OC2C(NC(C)=O)C([*])OC(CO)C2O)C(O)C1O,OCC(C(C(C1N)O)O[*])OC1OC2C(OC(C(C2O)N)[*])CO,,,1.2,,
[*]C(CCCCCO[*])=O,OCC(C(C(C1N)O)O[*])OC1OC2C(OC(C(C2O)N)[*])CO,,,2.7,,
[*]C([H])([H])C(O)([H])[*],OCC1OC(C(C(C1[*])O)O)OC2C(C(C(OC2CO)O[*])O)O,,,13.74,,
[*]C1C(C(C(OC1C(O[Na])=O)OC2C(C(O[Na])=O)OC(O[*])C(O)C2O)O)O,[*]C([H])([H])C(O)([H])[*],,,6.77,,
[*]C1C(C(C(OC1C(O[Na])=O)OC2C(C(O[Na])=O)OC(O[*])C(O)C2O)O)O,[*]CC([*])Cl,,,3.507,,
OCC(C(C(C1N)O)O[*])OC1OC2C(OC(C(C2O)N)[*])CO,[*]CC=CCCC(C1=CC=CC=C1)[*],,,0.5,,
[*]OC1C(C(O)=O)OC(OC2C(NC(C)=O)C([*])OC(CO)C2O)C(O)C1O,[*]CC([*])N1CCCC1=O,,,2.5,,
O=C(C(C[*])[*])N,[*]OC1C(C(O)=O)OC(OC2C(NC(C)=O)C([*])OC(CO)C2O)C(O)C1O,,,18.0,,
[*]C(C)C[*],OCC(C(C(C1N)O)O[*])OC1OC2C(OC(C(C2O)N)[*])CO,,,0.3467,,
O=C(C(C[*])[*])N,[*]OC1C(C(OC(C1O)OC2C3C(C(OC2CO3)[*])O)CO)O,,,37.52,,
[*]C([H])([H])C(O)([H])[*],[*]OC1C(C(OC(C1O)OC2C3C(C(OC2CO3)[*])O)CO)O,,,0.0,,
[*]OC1C(C(O)=O)OC(OC2C(NC(C)=O)C([*])OC(CO)C2O)C(O)C1O,[*]NC(C(O)=O)CCC([*])=O,,,0.7,,
O=C(C(C[*])[*])N,[*]C1C(OC(C(C1O)O)OC2C(OC(C(C2O)O)OC3C(OC(C(C3O)O)O[*])CO)CO)CO,,,17.84,,
[*]C([H])([H])C(O)([H])[*],OC(COCC1OC(OC2C(COCC(O)=O)OC([*])C(O)C2O)C(O)C(O)C1O[*])=O,,,0.4,,
[*]OC(C(C1O)O)OC(COC)C1OC(OC(C(C2O)OC3OC(C(C(C3OC)O)OC4OC(C(C(C4OC)O)[*])COC)CO)COC)C2OCC(OC)C,[*]C([H])([H])C(O)([H])[*],,,4.25,,
O=C(N1C(C([*])=O)CC(O)C1)CNC(C2CCCN2[*])=O,OCC(C(C(C1N)O)O[*])OC1OC2C(OC(C(C2O)N)[*])CO,,,8.969299999999999,,
O=C(C(C[*])[*])N,OCC1OC(C(C(C1[*])O)O)OC2C(C(C(OC2CO)O[*])O)O,,,0.83,,
[*]OC1C(C(OC(C1O)OC2C3C(C(OC2CO3)[*])O)CO)O,[*]C1C(C(C(OC1C(O[Na])=O)OC2C(C(O[Na])=O)OC(O[*])C(O)C2O)O)O,,,7.1,,
OC(COCC1OC(OC2C(COCC(O)=O)OC([*])C(O)C2O)C(O)C(O)C1O[*])=O,OCC(C(C(C1N)O)O[*])OC1OC2C(OC(C(C2O)N)[*])CO,,,44.0,,
OCC(C(C(C1N)O)O[*])OC1OC2C(OC(C(C2O)N)[*])CO,[*]OC1C(C(OC(C1O)OC2C3C(C(OC2CO3)[*])O)CO)O,,,12.0,,
[*]OC1C(C(O)=O)OC(OC2C(NC(C)=O)C([*])OC(CO)C2O)C(O)C1O,[H]N(C([H])([H])C(N([H])C(C)([H])C(N(C([H])([H])C([*])=O)[H])=O)=O)C(C(N([*])[H])(C)[H])=O,,,10.75,,
OCC1OC(OC2C(O)C(O)C(O[*])OC2CO)C(O)C(O)C1[*],[*]C([H])([H])C(O)([H])[*],,,14.0424,,
[*]C1C(C(C(OC1C(O[Na])=O)OC2C(C(O[Na])=O)OC(O[*])C(O)C2O)O)O,OCC(C(C(C1N)O)O[*])OC1OC2C(OC(C(C2O)N)[*])CO,,,10.0,,
O=C(C(C[*])[*])N,OCC(C(C(C1N)O)O[*])OC1OC2C(OC(C(C2O)N)[*])CO,,,53.0,,
[*]C1C(C(C(OC1C(O[Ca]OC2=O)=O)OC3C2OC(O[*])C(O)C3O)O)O,O=C(C(C[*])[*])N,,,11.9,,
OCC(C(C(C1N)O)O[*])OC1OC2C(OC(C(C2O)N)[*])CO,[*]CC([*])N1CCCC1=O,,,22.89,,
[*]C(C)C(OCC(O[*])=O)=O,[*]C1C(C(C(OC1C(O[Na])=O)OC2C(C(O[Na])=O)OC(O[*])C(O)C2O)O)O,,,0.85,,
OCC1OC(C(C(C1[*])O)O)OC2C(C(C(OC2CO)O[*])O)O,O=C(N1C(C([*])=O)CC(O)C1)CNC(C2CCCN2[*])=O,,,4.104,,
[*]C(CCCCCO[*])=O,[*]C1C(C(C(OC1C(O[Na])=O)OC2C(C(O[Na])=O)OC(O[*])C(O)C2O)O)O,,,0.057,,
[*]NC(C(O)=O)CCC([*])=O,OCC1OC(C(C(C1O)O[*])O)OC2C(C(C(OC2COS(=O)(O)=O)[*])NC(C)=O)O,,,24.5,,
[*]OC1C(C(O)=O)OC(OC2C(NC(C)=O)C([*])OC(CO)C2O)C(O)C1O,O=C(N1C(C([*])=O)CC(O)C1)CNC(C2CCCN2[*])=O,,,0.0149,,
[*]C1C(C(C(OC1C(O[Ca]OC2=O)=O)OC3C2OC(O[*])C(O)C3O)O)O,[*]O[C@H](C)CC([*])=O,,,0.7565999999999999,,
[*]C1C(C(C(OC1C(O[Ca]OC2=O)=O)OC3C2OC(O[*])C(O)C3O)O)O,O=C(C1=CC=C(C=C1)C(OCC[*])=O)O[*],,,0.6962999999999999,,
[*]C1C(C(C(OC1C(O[Ca]OC2=O)=O)OC3C2OC(O[*])C(O)C3O)O)O,[*]C(C)C[*],,,0.7746,,
[*]C([H])([H])C(O)([H])[*],[*]C1C(C(C(OC1C(O[Na])=O)OC2C(C(O[Na])=O)OC(O[*])C(O)C2O)O)O,,,3.14,,
OCC1OC(C(C(C1[*])O)O)OC2C(C(C(OC2CO)O[*])O)O,[*]CC(C1=CC=CC=C1)[*],,,3.0286,,
[H]N(C(O[*])=O)CCCCCCN(C(OCCCCO[*])=O)[H],[*]OC(C(C1O)O)OC(COC)C1OC(OC(C(C2O)OC3OC(C(C(C3OC)O)OC4OC(C(C(C4OC)O)[*])COC)CO)COC)C2OCC(OC)C,,,1.668,,
[*]OCC[*],OCC(C(C(C1N)O)O[*])OC1OC2C(OC(C(C2O)N)[*])CO,,,1.0,,
OCC(C(C(C1N)O)O[*])OC1OC2C(OC(C(C2O)N)[*])CO,[H]N(C([H])([H])C(N([H])C(C)([H])C(N(C([H])([H])C([*])=O)[H])=O)=O)C(C(N([*])[H])(C)[H])=O,,,8.0,,
[*]OC1C(C(C(OC1C)OC2C(C(OC(C2O)COC(C)=O)OC3C(C(C(OC3C(O)=O)OC4C(C(C(OC4CO)O[*])O)O)O)O)OC(C(O)CO)=O)O)O,OCC1OC(C(C(C1[*])O)O)OC2C(C(C(OC2CO)O[*])O)O,,,30.0,,
OCC1OC(C(C(C1[*])O)O)OC2C(C(C(OC2CO)O[*])O)O,[*]C1C(OC(C(C1O)O)OC2C(OC(C(C2O)O)OC3C(OC(C(C3O)O)O[*])CO)CO)CO,,,5.9,,
[*]C1C(C(C(OC1C(O[Na])=O)OC2C(C(O[Na])=O)OC(O[*])C(O)C2O)O)O,[*]C1=C(C=CN2)C2=C([*])C(O)=C1O,,,0.8,,
OCC(C(C(C1N)O)O[*])OC1OC2C(OC(C(C2O)N)[*])CO,[*]C(C(CCCC[NH3+])N[*])=O,,,18.0,,
OCC1OC(C(C(C1O[*])O)O)[*],O=C(N1C(C([*])=O)CC(O)C1)CNC(C2CCCN2[*])=O,,,2.52,,
[*]OC1C(C(O)=O)OC(OC2C(NC(C)=O)C([*])OC(CO)C2O)C(O)C1O,[*]OCC[*],,,80.0,,
[*]C1C(C(C(OC1C(O[Na])=O)OC2C(C(O[Na])=O)OC(O[*])C(O)C2O)O)O,[*]C(CCCCCO[*])=O,,,4.2,,
OCC(C(C(C1N)O)O[*])OC1OC2C(OC(C(C2O)N)[*])CO,O=C(N)C([*])C[*],,,4.9,,
OCC1OC(C(C(C1O)O[*])O)OC2C(C(C(OC2COS(=O)(O)=O)[*])NC(C)=O)O,OCC(C(C(C1N)O)O[*])OC1OC2C(OC(C(C2O)N)[*])CO,,,2.0,,
[*]C1C(C(C(OC1C(O[Na])=O)OC2C(C(O[Na])=O)OC(O[*])C(O)C2O)O)O,[H]N(C([H])([H])C(N([H])C(C)([H])C(N(C([H])([H])C([*])=O)[H])=O)=O)C(C(N([*])[H])(C)[H])=O,,,9.8,,
OCC(C(C(C1N)O)O[*])OC1OC2C(OC(C(C2O)N)[*])CO,[*]NC(CCC([*])=O)C(O)=O,,,2.0,,
OCC(C(C(C1N)O)O[*])OC1OC2C(OC(C(C2O)N)[*])CO,O=C(N1C(C([*])=O)CC(O)C1)CNC(C2CCCN2[*])=O,,,0.45,,
[*]OCC[*],[*]OC1OC(CO)C(O)C(OC2OC(C(NC(CS)C(OC)=O)=O)C(OC[*])C(O)C2O)C1NC(C)=O,,,1.9,,
OCC1OC(C(C(C1O)O[*])O)OC2C(C(C(OC2COS(=O)(O)=O)[*])NC(C)=O)O,[*]OC1C(C(O)=O)OC(OC2C(NC(C)=O)C([*])OC(CO)C2O)C(O)C1O,,,17.6,,
[*]OC1C(C(C(OC1C)OC2C(C(OC(C2O)COC(C)=O)OC3C(C(C(OC3C(O)=O)OC4C(C(C(OC4CO)O[*])O)O)O)O)OC(C(O)CO)=O)O)O,[*]OC1C(C(C(OC1C)OC2C(C(OC(C2O)COC(C)=O)OC3C(C(C(OC3C(O)=O)OC4C(C(C(OC4CO)O[*])O)O)O)O)OC(C(O)CO)=O)O)O,,,7.5,,
[*]CC(C)(C(OCCO)=O)[*],OCC(C(C(C1N)O)O[*])OC1OC2C(OC(C(C2O)N)[*])CO,,,0.63,,
O=C(N)C([*])C[*],[*]C1C(C(C(OC1C(O[Na])=O)OC2C(C(O[Na])=O)OC(O[*])C(O)C2O)O)O,,,1.51,,
[*]C1C(C(C(OC1C(O[Na])=O)OC2C(C(O[Na])=O)OC(O[*])C(O)C2O)O)O,[H]N(C(O[*])=O)CCCCCCN(C(OCCCCO[*])=O)[H],,,5.45,,
OC(C(C1OC2OC(C(C(C2O)O)OC3OC(C(C(C3O)O)O)COC4OC(C(C(C4O)O)OC5OC(C(C(C5O)O)OC6OC(C(C(C6O)O[*])O)C)CO)CO)CO)O[*])COC1CO,[*]C(C(CCCCN[*])N)=O,,,9.0,,
[*]C([H])([H])C(O)([H])[*],OC1C(O[*])C(C(O[Ca]O2)=O)OC(OC3C(O)C(O)C(OC4C(C(O[Ca]O5)=O)OC(OC6C(O)C(O)C(OC7C(C(O[Ca]O8)=O)OC(OC9C(O)C(O)C([*])OC9C8=O)C(O)C7O)OC6C5=O)C(O)C4O)OC3C2=O)C1O,,,3.1,,
OC(COCC1OC(OC2C(COCC(O)=O)OC([*])C(O)C2O)C(O)C(O)C1O[*])=O,O=C(C(OC(C=O)OC1C(C(C(OC1C(O[Na])=O)O[*])O)O)C(C=O)[*])O[Na],,,30.0,,
[*]OCC[*],[*]OC1C(C(O)=O)OC(OC2C(NC(C)=O)C([*])OC(CO)C2O)C(O)C1O,,,1.1,,
[*]OCC[*],OCC1OC(C(C(C1[*])O)O)OC2C(C(C(OC2CO)O[*])O)O,,,17.47,,
