SMILE A,SMILE B,SMILE C,Young's Modulus (kPa) log10,来源,Swelling Ratio (times),Young's Modulus
C/C(C[*])=C/C[*],[*]C(N(CN(C(OCOC(N(CN(C(OCCO[*])=O)[H])[H])=O)=O)[H])[H])=O,,3.661812685537261,10.4028_www.scientific.net_amr.844.93_part_1.txt_段1_Material4,,4589.999999999997
CC(COC(C(CC(C(C(C(OC(C)C)=O)C1=CC=CC=C1)C(OCC(OC(C2=CC=CC=C2C(O)=O)=O)C)=O)C3=CC=CC=C3)C(C(OC(C)C[*])=O)C4=CC=CC=C4)=O)OC(C5=CC=CC=C5C(O[*])=O)=O,OCC1OC(C(C(C1[*])O)O)OC2C(C(C(OC2CO)O[*])O)O,,6.414973347970818,10.3390_polym13111878_part_2.txt_段1_Material1,,2600000.0000000014
COC(C(C[*])([*])C)=O,O=C(C1=CC=C(C=C1)C(OCC[*])=O)O[*],,6.2552725051033065,10.1590_0104-1428.1924_part_1.txt_段1_Material2,,1800000.0000000016
COC(C(C[*])([*])C)=O,[*]C(N(CN(C(OCOC(N(CN(C(OCCO[*])=O)[H])[H])=O)=O)[H])[H])=O,,6.447158031342219,10.1016_j.wear.2017.11.024_part_1.txt_段1_Material1,,2800000.0000000014
COC(C(C[*])([*])C)=O,[*]CC(COC1=CC=C(C=C1)C(C)(C)C2=CC=C(C=C2)O[*])O,,6.8909795969896885,10.1016_j.jngse.2020.103790_part_1.txt_段1_Material1,,7779999.999999993
C[Si](C)(C[*])O[*],[*]CC(COC1=CC=C(C=C1)C(C)(C)C2=CC=C(C=C2)O[*])O,,5.715167357848458,10.1002_app.48641_part_1.txt_段1_Material1,,518999.99999999977
C[Si](O[*])(C)[*],[*]C(N(CN(C(OCOC(N(CN(C(OCCO[*])=O)[H])[H])=O)=O)[H])[H])=O,,4.146128035678238,10.1038_s41427-024-00546-8_OA_part_1.txt_段1_Material1,,14000.000000000004
O=C(C1=CC=C(C=C1)C(OCC[*])=O)O[*],CC(C=C([*])C=C1C)=C1O[*],,6.361727836017593,10.1007_s13233-020-8075-3_part_2.txt_段1_Material2,,2300000.000000001
O=C(C1=CC=C(C=C1)C(OCC[*])=O)O[*],COC(C(C[*])([*])C)=O,,6.409933123331294,10.1016_j.polymdegradstab.2017.11.001_part_6.txt_段1_Material1,,2569999.9999999977
O=C(C1=CC=C(C=C1)C(OCC[*])=O)O[*],O=C(C1=CC=C2C=C(C=CC2=C1)C([*])=O)OCCO[*],,6.477121254719663,10.4028_www.scientific.net_amr.912-914.445_part_3.txt_段1_Material2,,3000000.000000001
O=C(C1=CC=C(C=C1)C(OCC[*])=O)O[*],O=C(O)C([*])C[*],,4.260071387985075,10.1016_j.reactfunctpolym.2017.11.001_part_1.txt_段1_Material4,,18200.00000000001
O=C(C1=CC=C(C=C1)C(OCC[*])=O)O[*],O=C([*])C(C)O[*],,6.0,10.1051_matecconf_201925302005_part_1.txt_段1_Material1,,1000000.0
O=C(C1=CC=C(C=C1)C(OCC[*])=O)O[*],O=C([*])C1=CC=C(C=C1)OC2=CC=C(C=C2)OC3=CC=C(C=C3)[*],,6.740362689494244,10.1177_0954008316661616_part_3.txt_段1_Material1,,5500000.000000004
O=C(C1=CC=C(C=C1)C(OCC[*])=O)O[*],O=C([*])C1=CC=C2C=C(C=CC2=C1)OC(C3=CC=C(C=C3)O[*])=O,,6.099231615080882,10.1016_j.compscitech.2012.01.008_part_1.txt_段1_Material1,,1256699.9999999998
O=C(C1=CC=C(C=C1)C(OCC[*])=O)O[*],O=C([*])OC1=CC=C(C=C1)C(C)(C)C2=CC=C(C=C2)O[*],,6.142702245737616,10.4028_www.scientific.net_amr.750-752.858_part_1.txt_段1_Material1,,1389000.0000000012
O=C(C1=CC=C(C=C1)C(OCC[*])=O)O[*],OC(C(C)(CC(C1=CC=CC=C1)[*])CC(C[*])(C(OCC2CO2)=O)C)=O,,6.238046103128795,10.1021_acs.iecr.8b06362_part_2.txt_段1_Material1,,1729999.9999999986
O=C(C1=CC=C(C=C1)C(OCC[*])=O)O[*],OCC1OC(C(C(C1O[*])O)O)[*],,4.819543935541868,10.1177_0040517511407381_part_1.txt_段1_Material1,,65999.99999999994
O=C(C1=CC=C(C=C1)C(OCC[*])=O)O[*],[*]C(C)C[*],,5.7160033436348,10.1007_s00289-016-1748-6_part_3.txt_段1_Material1,,520000.0000000014
O=C(C1=CC=C(C=C1)C(OCC[*])=O)O[*],[*]C(C1=CC=C(C(OCCCCO[*])=O)C=C1)=O,,6.614897216033135,10.1002_adv.21918_part_1.txt_段1_Material1,,4120000.000000008
O=C(C1=CC=C(C=C1)C(OCC[*])=O)O[*],[*]C(F)(C(F)([*])F)F,,6.477121254719663,10.1080_03602559.2016.1247281_part_6.txt_段1_Material2,,3000000.000000001
O=C(C1=CC=C(C=C1)C(OCC[*])=O)O[*],[*]C([H])([H])C(O)([H])[*],,4.862250674597925,10.1016_j.colsurfa.2013.07.014_part_2.txt_段1_Material4,,72819.99999999994
O=C(C1=CC=C(C=C1)C(OCC[*])=O)O[*],[*]C/C=C/C[*],,6.466867620354109,10.1007_s42452-019-1406-3_part_2.txt_段1_Material1,,2929999.9999999977
O=C(C1=CC=C(C=C1)C(OCC[*])=O)O[*],[*]C1=C(C=CN2)C2=C([*])C(O)=C1O,,5.188084373714938,10.1007_s13233-016-4140-3_part_1.txt_段1_Material1,,154199.99999999994
O=C(C1=CC=C(C=C1)C(OCC[*])=O)O[*],[*]C1=CC(C2=NC3=CC(C4=CC=C5N=C([*])NC5=C4)=CC=C3N2)=CC=C1,,6.079181246047625,10.1016_j.jiec.2015.03.022_part_1.txt_段1_Material1,,1200000.0000000007
O=C(C1=CC=C(C=C1)C(OCC[*])=O)O[*],[*]CC(C#N)[*],,5.326335860928752,10.1002_pc.23015_part_1.txt_段1_Material1,,212000.0000000001
O=C(C1=CC=C(C=C1)C(OCC[*])=O)O[*],[*]CC(C1=CC=C(C=C1)S(O)(=O)=O)[*],,6.768638101247615,10.26599_nr.2025.94907500_OA_part_1.txt_段1_Material1,,5870000.000000006
O=C(C1=CC=C(C=C1)C(OCC[*])=O)O[*],[*]CC(C1=CC=CC=C1)[*],,5.48572142648158,10.1016_j.polymertesting.2020.106755_part_1.txt_段1_Material3,,305999.99999999977
O=C(C1=CC=C(C=C1)C(OCC[*])=O)O[*],[*]CC(CC=CCC([*])C1=CC=CC=C1)C#N,,5.507072896756503,10.1177_204124791700800403_part_3.txt_段1_Material1,,321419.9999999998
O=C(C1=CC=C(C=C1)C(OCC[*])=O)O[*],[*]CC(COC1=CC=C(C=C1)C(C)(C)C2=CC=C(C=C2)O[*])O,,5.676693609624866,10.1039_c6gc01198e_part_2.txt_段1_Material1,,474999.99999999977
O=C(C1=CC=C(C=C1)C(OCC[*])=O)O[*],[*]CC([*])Cl,,6.361727836017593,10.3139_217.3307_part_2.txt_段1_Material2,,2300000.000000001
O=C(C1=CC=C(C=C1)C(OCC[*])=O)O[*],[*]NC(C(O)=O)CCC([*])=O,,6.14705767102836,10.3390_polym13030452_part_3.txt_段1_Material1,,1403000.000000001
O=C(C1=CC=C(C=C1)C(OCC[*])=O)O[*],[*]OCC[*],,6.016197353512439,10.1016_j.polymer.2015.09.024_part_3.txt_段1_Material3,,1037999.9999999997
O=C(C1=CC=C(C=C1)C(OCC[*])=O)O[*],[*]O[C@H](C)CC([*])=O,,6.146128035678238,10.1007_s10924-021-02073-x_part_2.txt_段1_Material2,,1400000.0000000005
O=C(C1=CC=C(C=C1)C([*])=O)NC2=CC=C(C=C2)N[*],O=C(C1=CC=C(C=C1)C(OCC[*])=O)O[*],,6.334453751150931,10.1177_15280837211019901_part_3.txt_段1_Material1,,2159999.999999999
O=C(C1=CC=C(C=C1)C([*])=O)NC2=CC=C(C=C2)N[*],[*]C(C)C[*],,7.276921132065774,10.1016_j.compositesa.2016.08.031_part_2.txt_段1_Material3,,18920000.000000004
O=C(C1=CC=C(C=C1)C([*])=O)NC2=CC=C(C=C2)N[*],[*]CC(COC1=CC=C(C=C1)C(C)(C)C2=CC=C(C=C2)O[*])O,,7.483587296968894,10.1016_j.polymertesting.2020.106680_part_1.txt_段1_Material1,,30449999.99999998
O=C(C1=CC=C2C=C(C=CC2=C1)C([*])=O)OCCO[*],O=C(C1=CC=C(C=C1)C([*])=O)NC2=CC=C(C=C2)N[*],,7.477121254719663,10.1002_app.36442_part_2.txt_段1_Material3,,30000000.00000001
O=C(C1=CC=C2C=C(C=CC2=C1)C([*])=O)OCCO[*],[*]C1=C(C=CN2)C2=C([*])C(O)=C1O,,6.479393896404411,10.1177_09540083211014936_part_1.txt_段1_Material1,,3015739.999999997
O=C(C1=CC=C2C=C(C=CC2=C1)C([*])=O)OCCO[*],[*]CC(COC1=CC=C(C=C1)C(C)(C)C2=CC=C(C=C2)O[*])O,,7.477121254719663,10.1002_app.36442_part_2.txt_段1_Material1,,30000000.00000001
O=C(CCCCC(N(CCCCCCN([*])[H])[H])=O)[*],[*]CC(COC1=CC=C(C=C1)C(C)(C)C2=CC=C(C=C2)O[*])O,,8.122543524068755,10.1088_2053-1591_ab3021_part_4.txt_段1_Material2,,132600000.00000018
O=C(N)C([*])C[*],[*]C1=C(C=CN2)C2=C([*])C(O)=C1O,,2.8512583487190755,10.1016_j.carbpol.2021.117894_part_2.txt_段1_Material1,,710.0000000000003
O=C(O)C([*])C[*],[*]CC(COC1=CC=C(C=C1)C(C)(C)C2=CC=C(C=C2)O[*])O,,6.2552725051033065,10.1108_mmms-04-2017-0019_part_1.txt_段1_Material2,,1800000.0000000016
O=C([*])C(C)O[*],O=C(C1=CC=C(C=C1)C(OCC[*])=O)O[*],,6.109915863023793,10.1016_j.matdes.2014.03.016_part_2.txt_段1_Material1,,1287999.9999999986
O=C([*])C(C)O[*],O=C([*])OC1=CC=C(C=C1)C(C)(C)C2=CC=C(C=C2)O[*],,6.518513939877887,10.11113_mjfas.v19n1.2754_OA_part_1.txt_段1_Material1,,3299999.9999999967
O=C([*])C(C)O[*],OC1=C(C=CC=C1CC2=CC=CC([*])=C2O)CC3=CC=CC([*])=C3O,,6.903089986991944,10.1016_j.compositesa.2013.06.003_part_1.txt_段1_Material1,,8000000.000000003
O=C([*])C(C)O[*],[*]C(C1=CC=C(C=C1)C(OCCCCOC(C2=CC=C(C=C2)C(OCCCCO[*])=O)=O)=O)=O,,6.223080397831155,10.1002_app.50443_part_1.txt_段1_Material1,,1671400.0000000002
O=C([*])C(C)O[*],[*]C(N(CN(C(OCOC(N(CN(C(OCCO[*])=O)[H])[H])=O)=O)[H])[H])=O,,6.15839265038712,10.1007_s10570-018-2061-3_part_4.txt_段1_Material1,,1440100.0000000012
O=C([*])C(C)O[*],[*]CC(COC1=CC=C(C=C1)C(C)(C)C2=CC=C(C=C2)O[*])O,,8.146128035678238,10.1080_01694243.2018.1558477_part_1.txt_段1_Material1,,140000000.00000006
O=C([*])C(C)O[*],[*]CC(O)COC1=CC=C(C(C)(C2=CC=C(O[*])C=C2)C)C=C1,,5.728256359248493,10.3390_polym13091369_part_5.txt_段1_Material2,,534879.9999999999
O=C([*])C(C)O[*],[*]N1C(C2=CC3=C(C=C2C1=O)C(N(C3=O)C4=CC=C(C=C4)OC5=CC=C(C=C5)[*])=O)=O,,6.1525940779274695,10.1016_j.polymer.2020.122724_part_6.txt_段1_Material1,,1420999.999999999
O=C([*])C(C)O[*],[*]NC(C1=CC=C2C(C(N(C2=O)C3=CC=C(C=C3)CC4=CC=C([*])C=C4)=O)=C1)=O,,6.4623979978989565,10.37358_mp.20.3.5377_OA_part_2.txt_段1_Material1,,2900000.000000003
O=C([*])C(C)O[*],[*]OCCCOC(C1=CC=C(C([*])=O)C=C1)=O,,6.204119982655925,10.1002_mame.201900323_part_1.txt_段1_Material1,,1600000.000000001
O=C([*])C1=CC=C(C=C1)OC2=CC=C(C=C2)OC3=CC=C(C=C3)[*],[*]C(CCCCCO[*])=O,,6.008600171761918,10.1007_s10853-019-03728-w_part_2.txt_段1_Material2,,1020000.0000000008
O=C([*])C1=CC=C(C=C1)OC2=CC=C(C=C2)OC3=CC=C(C=C3)[*],[*]C(F)(C(F)([*])F)F,,6.113943352306837,10.1177_0954008317723444_part_2.txt_段1_Material2,,1300000.0000000005
O=C([*])C1=CC=C(C=C1)OC2=CC=C(C=C2)OC3=CC=C(C=C3)[*],[*]C1=CC(C2=NC3=CC(C4=CC=C5N=C([*])NC5=C4)=CC=C3N2)=CC=C1,,6.222456336679247,10.1016_j.memsci.2018.02.039_part_3.txt_段1_Material1,,1669000.0000000026
O=C([*])C1=CC=C(C=C1)OC2=CC=C(C=C2)OC3=CC=C(C=C3)[*],[*]CC(C#N)[*],,5.276461804173244,10.1021_am5047125_part_3.txt_段1_Material1,,188999.99999999985
O=C([*])C1=CC=C(C=C1)OC2=CC=C(C=C2)OC3=CC=C(C=C3)[*],[*]CCN[*],,6.301029995663981,10.3139_217.3655_part_2.txt_段1_Material1,,2000000.0
O=C([*])C1=CC=C(C=C1)OC2=CC=C(C=C2)OC3=CC=C(C=C3)[*],[*]NC(C1=CC=C2C(C(N(C2=O)C3=CC=C(C=C3)CC4=CC=C([*])C=C4)=O)=C1)=O,,5.275103949569196,10.1007_s11581-019-03415-5_part_2.txt_段1_Material1,,188409.99999999985
O=C([*])C1=CC=C(C=C1)OC2=CC=C(C=C2)OC3=CC=C(C=C3)[*],[*]OC1C(C(O)=O)OC(OC2C(NC(C)=O)C([*])OC(CO)C2O)C(O)C1O,,6.884795363948981,10.1177_0967391120969503_part_1.txt_段1_Material3,,7669999.999999996
O=C([*])C1=CC=C2C=C(C=CC2=C1)OC(C3=CC=C(C=C3)O[*])=O,O=C([*])CCCCCN[*],,6.7979596437371965,10.1002_pc.25972_part_3.txt_段1_Material1,,6280000.000000006
O=C([*])C1=CC=C2C=C(C=CC2=C1)OC(C3=CC=C(C=C3)O[*])=O,[*]C(C=C1)=CC=C1S[*],,7.505149978319906,10.1016_j.compscitech.2018.10.001_part_4.txt_段1_Material2,,32000000.000000022
O=C([*])CCCCCN[*],O=C([*])C1=CC=C2C=C(C=CC2=C1)OC(C3=CC=C(C=C3)O[*])=O,,6.284453294010853,10.3390_polym12102323_part_3.txt_段1_Material2,,1925100.000000001
O=C([*])CCCCCN[*],O=C([*])OC1=CC=C(C=C1)C(C)(C)C2=CC=C(C=C2)O[*],,6.3979400086720375,10.1016_j.polymdegradstab.2014.12.021_part_1.txt_段1_Material3,,2499999.9999999995
O=C([*])CCCCCN[*],[*]C(N(CN(C(OCOC(N(CN(C(OCCO[*])=O)[H])[H])=O)=O)[H])[H])=O,,4.742725131304698,10.1007_s10965-011-9764-6_part_1.txt_段1_Material1,,55299.99999999995
O=C([*])OC1=CC=C(C=C1)C(C)(C)C2=CC=C(C=C2)O[*],CC(CC(C(C(O1)=O)CC1=O)[*])C[*],,5.04688519083771,10.1515_adms-2016-0019_part_1.txt_段1_Material1,,111399.9999999999
O=C([*])OC1=CC=C(C=C1)C(C)(C)C2=CC=C(C=C2)O[*],COC(C(C[*])([*])C)=O,,6.068185861746161,10.1002_pen.21879_part_2.txt_段1_Material1,,1169999.999999999
O=C([*])OC1=CC=C(C=C1)C(C)(C)C2=CC=C(C=C2)O[*],C[Si](C)(C[*])O[*],,6.32221929473392,10.1299_transjsme.2014smm0149_part_1.txt_段1_Material1,,2100000.0000000056
O=C([*])OC1=CC=C(C=C1)C(C)(C)C2=CC=C(C=C2)O[*],O=C(C1=CC=C(C=C1)C(OCC[*])=O)O[*],,6.855525212731306,10.1002_pi.6213_part_1.txt_段1_Material1,,7170100.000000006
O=C([*])OC1=CC=C(C=C1)C(C)(C)C2=CC=C(C=C2)O[*],O=C(O)C([*])C[*],,6.342422680822207,10.1002_app.46529_part_1.txt_段1_Material1,,2200000.000000002
O=C([*])OC1=CC=C(C=C1)C(C)(C)C2=CC=C(C=C2)O[*],O=C([*])C(C)O[*],,6.447158031342219,10.1016_j.compositesb.2017.07.030_part_1.txt_段1_Material2,,2800000.0000000014
O=C([*])OC1=CC=C(C=C1)C(C)(C)C2=CC=C(C=C2)O[*],O=C([*])CCCCCN[*],,6.491361693834273,10.1002_app.33449_part_1.txt_段1_Material1,,3100000.000000003
O=C([*])OC1=CC=C(C=C1)C(C)(C)C2=CC=C(C=C2)O[*],O=C1CCCN1C([*])C[*],,6.32221929473392,10.1088_0957-4484_24_27_275603_part_1.txt_段1_Material1,,2100000.0000000056
O=C([*])OC1=CC=C(C=C1)C(C)(C)C2=CC=C(C=C2)O[*],OCC1OC(C(C(C1[*])O)O)OC2C(C(C(OC2CO)O[*])O)O,,7.0,10.1155_2012_381342_part_1.txt_段1_Material1,,10000000.0
O=C([*])OC1=CC=C(C=C1)C(C)(C)C2=CC=C(C=C2)O[*],[*]C(F)(C(F)([*])F)F,,6.357934847000454,10.1016_j.polymdegradstab.2011.09.019_part_2.txt_段1_Material1,,2280000.000000001
O=C([*])OC1=CC=C(C=C1)C(C)(C)C2=CC=C(C=C2)O[*],[*]C([C@H](C)OC([C@H](C)O[*])=O)=O,,6.309757882316366,10.1002_app.37766_part_1.txt_段1_Material1,,2040600.0000000007
O=C([*])OC1=CC=C(C=C1)C(C)(C)C2=CC=C(C=C2)O[*],[*]C([H])([H])C(O)([H])[*],,5.751510050270041,10.1166_jnn.2011.3215_part_1.txt_段1_Material1,,564299.9999999998
O=C([*])OC1=CC=C(C=C1)C(C)(C)C2=CC=C(C=C2)O[*],[*]C/C=C(C[*])\Cl,,6.290034611362518,10.1179_1743289811x12988633927952_part_1.txt_段1_Material1,,1950000.0000000007
O=C([*])OC1=CC=C(C=C1)C(C)(C)C2=CC=C(C=C2)O[*],[*]CC(C1=CC=CC=C1)[*],,6.301029995663981,10.1177_8756087917691088_part_3.txt_段1_Material2,,2000000.0
O=C([*])OC1=CC=C(C=C1)C(C)(C)C2=CC=C(C=C2)O[*],[*]CC(CC(C#N)[*])C1=CC=CC=C1,,6.073351702386901,10.1002_app.49762_part_2.txt_段1_Material3,,1184000.0000000007
O=C([*])OC1=CC=C(C=C1)C(C)(C)C2=CC=C(C=C2)O[*],[*]CC(CC=CCC([*])C1=CC=CC=C1)C#N,,6.057099097526547,10.1002_pc.22342_part_1.txt_段1_Material1,,1140510.0000000002
O=C([*])OC1=CC=C(C=C1)C(C)(C)C2=CC=C(C=C2)O[*],[*]CC(CCCC(CC)CC([*])C1=CC=CC=C1)C2=CC=CC=C2,,6.301029995663981,10.1080_03602559.2018.1466167_part_1.txt_段1_Material1,,2000000.0
O=C([*])OC1=CC=C(C=C1)C(C)(C)C2=CC=C(C=C2)O[*],[*]CC(COC1=CC=C(C=C1)C(C)(C)C2=CC=C(C=C2)O[*])O,,6.477555332198981,10.1080_03602559.2013.779707_part_1.txt_段1_Material1,,3002999.999999999
O=C([*])OC1=CC=C(C=C1)C(C)(C)C2=CC=C(C=C2)O[*],[*]CC=CCCC(C#N)[*],,5.99563519459755,10.1080_00222348.2019.1593600_part_2.txt_段1_Material1,,989999.9999999994
O=C([*])OC1=CC=C(C=C1)C(C)(C)C2=CC=C(C=C2)O[*],[*]CCCC([*])C(OC)=O,,6.204119982655925,10.1002_vnl.21763_part_1.txt_段1_Material1,,1600000.000000001
O=C([*])OC1=CC=C(C=C1)C(C)(C)C2=CC=C(C=C2)O[*],[*]CCCCO[*],,6.089905111439398,10.1007_s10692-018-9912-4_part_1.txt_段1_Material1,,1230000.0000000005
O=C([*])OC1=CC=C(C=C1)C(C)(C)C2=CC=C(C=C2)O[*],[*]OCC[*],,5.043755126968679,10.1155_2016_7089530_part_1.txt_段1_Material2,,110599.99999999993
O=S(C(C=C1)=CC=C1OC(C=C2)=CC=C2C(C)(C)C(C=C3)=CC=C3O[*])(C4=CC=C([*])C=C4)=O,O=C(C1=CC=C(C=C1)C(OCC[*])=O)O[*],,6.0,10.3390_membranes10050084_part_2.txt_段1_Material1,,1000000.0
O=S(C(C=C1)=CC=C1OC(C=C2)=CC=C2C(C)(C)C(C=C3)=CC=C3O[*])(C4=CC=C([*])C=C4)=O,O=C1CCCN1C([*])C[*],,4.534026106056135,10.1007_s00289-019-02735-w_part_2.txt_段1_Material1,,34200.00000000002
O=S(C(C=C1)=CC=C1OC(C=C2)=CC=C2C(C)(C)C(C=C3)=CC=C3O[*])(C4=CC=C([*])C=C4)=O,[*]CCCCOCCCCOCCCCOCCCCO[*],,6.164352855784437,10.1177_0954008315613423_part_2.txt_段1_Material2,,1460000.0000000002
O=S(C(C=C1)=CC=C1OC(C=C2)=CC=C2C(C)(C)C(C=C3)=CC=C3O[*])(C4=CC=C([*])C=C4)=O,[*]OCC[*],,6.423245873936808,10.1007_s00289-019-03031-3_part_3.txt_段1_Material1,,2650000.0000000005
OC1=C(C=CC=C1CC2=CC=CC([*])=C2O)CC3=CC=CC([*])=C3O,[*]CC(COC1=CC=C(C=C1)C(C)(C)C2=CC=C(C=C2)O[*])O,,6.592176757395867,10.4028_www.scientific.net_kem.531-532.73_part_1.txt_段1_Material1,,3910000.0000000033
OCC1OC(C(C(C1O[*])O)O)[*],[*]C(N(CN(C(OCOC(N(CN(C(OCCO[*])=O)[H])[H])=O)=O)[H])[H])=O,,5.507855871695831,10.1007_s10570-011-9623-y_part_1.txt_段1_Material1,,322000.00000000023
OCC1OC(C(C(C1[*])O)O)OC2C(C(C(OC2CO)O[*])O)O,O=S(C(C=C1)=CC=C1OC(C=C2)=CC=C2C(C)(C)C(C=C3)=CC=C3O[*])(C4=CC=C([*])C=C4)=O,,5.045322978786658,10.1080_10601325.2013.792200_part_2.txt_段1_Material4,,111000.00000000004
OCC1OC(C(C(C1[*])O)O)OC2C(C(C(OC2CO)O[*])O)O,[*]CC(COC1=CC=C(C=C1)C(C)(C)C2=CC=C(C=C2)O[*])O,,6.812913356642856,10.1007_s10570-019-02916-w_part_2.txt_段1_Material1,,6500000.000000002
OCC1OC(C(C(C1[*])O)O)OC2C(C(C(OC2CO)O[*])O)O,[*]CC(O)COC1=CC=C(C(C)(C2=CC=C(O[*])C=C2)C)C=C1,,7.0,10.1007_s00226-020-01211-3_part_1.txt_段1_Material2,,10000000.0
[*]C(C)C[*],O=C(C1=CC=C(C=C1)C(OCC[*])=O)O[*],,6.161368002234975,10.1016_j.compscitech.2012.01.001_part_1.txt_段1_Material1,,1450000.0000000012
[*]C(C)C[*],O=C(C1=CC=C(C=C1)C([*])=O)NC2=CC=C(C=C2)N[*],,6.418301291319746,10.1515_polyeng.2011.057_part_1.txt_段1_Material1,,2620000.0000000014
[*]C(C)C[*],O=C([*])C1=CC=C2C=C(C=CC2=C1)OC(C3=CC=C(C=C3)O[*])=O,,6.176091259055681,10.1016_j.eurpolymj.2015.07.057_part_1.txt_段1_Material1,,1500000.0000000005
[*]C(C)C[*],O=C([*])OC1=CC=C(C=C1)C(C)(C)C2=CC=C(C=C2)O[*],,6.079181246047625,10.1002_app.38764_part_1.txt_段1_Material1,,1200000.0000000007
[*]C(C)C[*],[*]C(C1=CC=C(C(OCCCCO[*])=O)C=C1)=O,,6.230448921378274,10.1002_pi.5522_part_3.txt_段1_Material1,,1700000.0000000007
[*]C(C)C[*],[*]C(N(CN(C(OCOC(N(CN(C(OCCO[*])=O)[H])[H])=O)=O)[H])[H])=O,,4.153204900084284,10.1021_la4023079_part_1.txt_段1_Material1,,14229.999999999993
[*]C(C)C[*],[*]C1=C(C=CN2)C2=C([*])C(O)=C1O,,6.357934847000454,10.1016_j.matdes.2020.109004_part_2.txt_段1_Material1,,2280000.000000001
[*]C(C)C[*],[*]CC(COC1=CC=C(C=C1)C(C)(C)C2=CC=C(C=C2)O[*])O,,6.298853076409706,10.1002_pc.24237_part_2.txt_段1_Material1,,1989999.9999999988
[*]C(C1=CC=C(C(NC2=CC=C(N[*])C=C2)=O)C=C1)=O,OC1=C(C=CC=C1CC2=CC=CC([*])=C2O)CC3=CC=CC([*])=C3O,,6.969415912353981,10.1002_pc.24847_part_2.txt_段1_Material1,,9320000.0
[*]C(C1=CC=C(C(OCCCCO[*])=O)C=C1)=O,O=C(C1=CC=C(C=C1)C(OCC[*])=O)O[*],,6.72916478969277,10.1002_adv.21918_part_2.txt_段1_Material1,,5359999.999999997
[*]C(C1=CC=C(C(OCCCCO[*])=O)C=C1)=O,O=C([*])C1=CC=C2C=C(C=CC2=C1)OC(C3=CC=C(C=C3)O[*])=O,,6.3979400086720375,10.1016_j.matdes.2012.05.052_part_1.txt_段1_Material1,,2499999.9999999995
[*]C(C1=CC=C(C(OCCCCO[*])=O)C=C1)=O,O=C([*])OC1=CC=C(C=C1)C(C)(C)C2=CC=C(C=C2)O[*],,6.4269989587565375,10.1007_s10692-018-9914-2_part_1.txt_段1_Material1,,2673000.0000000014
[*]C(C1=CC=C(C(OCCCCO[*])=O)C=C1)=O,[*]CC(C#N)[*],,6.3979400086720375,10.3144_expresspolymlett.2012.49_part_2.txt_段1_Material2,,2499999.9999999995
[*]C(C1=CC=C(C(OCCCCO[*])=O)C=C1)=O,[*]CC(C(OCC)=O)[*],,3.556302500767288,10.1039_d1py00076d_part_2.txt_段1_Material1,,3600.0000000000077
[*]C(C1=CC=C(C=C1)C(OCCCCOC(C2=CC=C(C=C2)C(OCCCCO[*])=O)=O)=O)=O,[*]OCC[*],,4.948070481518941,10.1021_acs.iecr.7b00904_part_1.txt_段1_Material1,,88729.99999999991
[*]C(C=C1)=CC=C1S[*],O=C([*])C1=CC=C2C=C(C=CC2=C1)OC(C3=CC=C(C=C3)O[*])=O,,6.284656282788515,10.1007_s10853-011-5745-8_part_2.txt_段1_Material1,,1925999.999999998
[*]C(CCCCCO[*])=O,O=C([*])OC1=CC=C(C=C1)C(C)(C)C2=CC=C(C=C2)O[*],,4.812913356642856,10.1039_c7tb00419b_part_6.txt_段1_Material1,,65000.000000000015
[*]C(CCCCCO[*])=O,[*]C(N(CN(C(OCOC(N(CN(C(OCCO[*])=O)[H])[H])=O)=O)[H])[H])=O,,4.4048337166199385,10.1002_app.38408_part_1.txt_段1_Material1,,25400.000000000025
[*]C(CCCCCO[*])=O,[*]CC(COC1=CC=C(C=C1)C(C)(C)C2=CC=C(C=C2)O[*])O,,5.541579243946581,10.1002_app.49886_part_3.txt_段1_Material1,,347999.9999999999
[*]C(CCCCCO[*])=O,[*]N1C(C2=CC3=C(C=C2C1=O)C(N(C3=O)C4=CC=C(C=C4)OC5=CC=C(C=C5)[*])=O)=O,,6.633468455579586,10.1039_c5cc03137k_part_2.txt_段1_Material1,,4299999.999999997
[*]C(F)(C(F)([*])F)F,[*]NC(C1=CC=C2C(C(N(C2=O)C3=CC=C(C=C3)CC4=CC=C([*])C=C4)=O)=C1)=O,,4.76789761601809,10.1016_j.matlet.2016.06.074_part_2.txt_段1_Material1,,58599.99999999996
[*]C(N(CN(C(OCOC(N(CN(C(OCCO[*])=O)[H])[H])=O)=O)[H])[H])=O,C/C(C[*])=C/C[*],,4.643452676486188,10.1007_s13233-014-2077-y_part_1.txt_段1_Material2,,44000.00000000005
[*]C(N(CN(C(OCOC(N(CN(C(OCCO[*])=O)[H])[H])=O)=O)[H])[H])=O,CCCCCCC1=C(SC([*])=C1)[*],,5.811709026696192,10.1002_app.38397_part_2.txt_段1_Material2,,648200.0000000019
[*]C(N(CN(C(OCOC(N(CN(C(OCCO[*])=O)[H])[H])=O)=O)[H])[H])=O,COC(C(C[*])([*])C)=O,,4.887054378050957,10.1016_j.compscitech.2013.08.011_part_1.txt_段1_Material1,,77099.99999999997
[*]C(N(CN(C(OCOC(N(CN(C(OCCO[*])=O)[H])[H])=O)=O)[H])[H])=O,C[Si](C)(C[*])O[*],,3.857332496431269,10.5254_rct.15.84885_part_1.txt_段1_Material1,,7200.000000000008
[*]C(N(CN(C(OCOC(N(CN(C(OCCO[*])=O)[H])[H])=O)=O)[H])[H])=O,C[Si](O[*])(C)[*],,3.792391689498254,10.4236_ojsta.2015.43005_OA_part_3.txt_段1_Material1,,6200.0
[*]C(N(CN(C(OCOC(N(CN(C(OCCO[*])=O)[H])[H])=O)=O)[H])[H])=O,O=C(O)C([*])C[*],,4.382017042574868,10.1016_j.polymer.2013.07.005_part_2.txt_段1_Material1,,24100.0
[*]C(N(CN(C(OCOC(N(CN(C(OCCO[*])=O)[H])[H])=O)=O)[H])[H])=O,O=C([*])C(C)O[*],,6.079181246047625,10.1088_1361-665x_aab417_part_2.txt_段1_Material1,,1200000.0000000007
[*]C(N(CN(C(OCOC(N(CN(C(OCCO[*])=O)[H])[H])=O)=O)[H])[H])=O,O=C([*])OC1=CC=C(C=C1)C(C)(C)C2=CC=C(C=C2)O[*],,5.658011396657113,10.1080_03602559.2012.671426_part_1.txt_段1_Material1,,455000.0000000002
[*]C(N(CN(C(OCOC(N(CN(C(OCCO[*])=O)[H])[H])=O)=O)[H])[H])=O,O=C1CCCN1C([*])C[*],,3.8790958795000727,10.1016_j.matdes.2013.11.029_part_1.txt_段1_Material1,,7569.999999999999
[*]C(N(CN(C(OCOC(N(CN(C(OCCO[*])=O)[H])[H])=O)=O)[H])[H])=O,[*]C(C)C[*],,6.079181246047625,10.4028_www.scientific.net_amr.849.121_part_1.txt_段1_Material1,,1200000.0000000007
[*]C(N(CN(C(OCOC(N(CN(C(OCCO[*])=O)[H])[H])=O)=O)[H])[H])=O,[*]C(CCCCCO[*])=O,,4.495544337546448,10.1177_0095244314568691_part_3.txt_段1_Material3,,31299.99999999999
[*]C(N(CN(C(OCOC(N(CN(C(OCCO[*])=O)[H])[H])=O)=O)[H])[H])=O,[*]C(N(CN(C(OCOC(N(CN(C(OCCO[*])=O)[H])[H])=O)=O)[H])[H])=O,,6.102135154272175,10.1002_app.41849_part_2.txt_段1_Material1,,1265130.000000001
[*]C(N(CN(C(OCOC(N(CN(C(OCCO[*])=O)[H])[H])=O)=O)[H])[H])=O,[*]C(OCCCO[*])=O,,3.462397997898956,10.1021_bm2007218_part_2.txt_段1_Material2,,2900.0
[*]C(N(CN(C(OCOC(N(CN(C(OCCO[*])=O)[H])[H])=O)=O)[H])[H])=O,[*]C([C@H](C)OC([C@H](C)O[*])=O)=O,,6.049218022670182,10.1002_app.51014_part_2.txt_段1_Material3,,1120000.000000001
[*]C(N(CN(C(OCOC(N(CN(C(OCCO[*])=O)[H])[H])=O)=O)[H])[H])=O,[*]C1=CC=C([*])N1,,4.303196057420489,10.1016_j.synthmet.2020.116414_part_2.txt_段1_Material2,,20099.99999999999
[*]C(N(CN(C(OCOC(N(CN(C(OCCO[*])=O)[H])[H])=O)=O)[H])[H])=O,[*]CC(C#N)[*],,5.505149978319906,10.1007_s10965-010-9438-9_part_1.txt_段1_Material1,,320000.00000000023
[*]C(N(CN(C(OCOC(N(CN(C(OCCO[*])=O)[H])[H])=O)=O)[H])[H])=O,[*]CC(C1=CC=C(C=C1)S(O)(=O)=O)[*],,4.3979400086720375,10.1088_1361-665x_ab20a2_part_3.txt_段1_Material1,,24999.999999999996
[*]C(N(CN(C(OCOC(N(CN(C(OCCO[*])=O)[H])[H])=O)=O)[H])[H])=O,[*]CC(CC=CCC([*])C1=CC=CC=C1)C#N,,4.721810615212546,10.1002_pc.24387_part_2.txt_段1_Material1,,52699.99999999996
[*]C(N(CN(C(OCOC(N(CN(C(OCCO[*])=O)[H])[H])=O)=O)[H])[H])=O,[*]CC=CCCC(C#N)[*],,4.505149978319906,10.1007_s13233-014-2077-y_part_1.txt_段1_Material3,,32000.000000000025
[*]C(N(CN(C(OCOC(N(CN(C(OCCO[*])=O)[H])[H])=O)=O)[H])[H])=O,[*]CCCC(C1C([*])C2CC1C/C2=C/C)C,,4.5910646070265,10.1007_s13233-014-2077-y_part_1.txt_段1_Material1,,39000.00000000011
[*]C(N(CN(C(OCOC(N(CN(C(OCCO[*])=O)[H])[H])=O)=O)[H])[H])=O,[*]OCC[*],,2.6020599913279625,10.1007_s10853-016-0689-7_part_1.txt_段1_Material1,,400.0000000000001
[*]C(N(CN(C(OCOC(N(CN(C(OCCO[*])=O)[H])[H])=O)=O)[H])[H])=O,[H]N(C(O[*])=O)CCCCCCN(C(OCCCCO[*])=O)[H],,3.008600171761917,10.1002_app.39670_part_2.txt_段1_Material1,,1019.9999999999987
[*]C(N(CN(C(OCOC(N(CN(C(OCCO[*])=O)[H])[H])=O)=O)[H])[H])=O,[H]N(C1=CC=C(C=C1)CC2=CC=C(C=C2)N(C(OCCO[*])=O)[H])C([*])=O,,5.949390006644912,10.1080_03602559.2013.820757_part_2.txt_段1_Material1,,889999.9999999991
[*]C([C@H](C)OC([C@H](C)O[*])=O)=O,O=C(C1=CC=C(C=C1)C(OCC[*])=O)O[*],,6.170555058521209,10.1080_00222341003652260_part_2.txt_段1_Material1,,1481000.0000000002
[*]C([C@H](C)OC([C@H](C)O[*])=O)=O,[*]C(C1=CC=C(C(OCCCCO[*])=O)C=C1)=O,,6.380211241711606,10.1016_j.eurpolymj.2013.06.038_part_2.txt_段1_Material1,,2400000.000000002
[*]C([C@H](C)OC([C@H](C)O[*])=O)=O,[*]C(N(CN(C(OCOC(N(CN(C(OCCO[*])=O)[H])[H])=O)=O)[H])[H])=O,,6.32221929473392,10.1021_acssuschemeng.5b00816_part_2.txt_段1_Material1,,2100000.0000000056
[*]C([H])([H])C(O)([H])[*],O=C([*])OC1=CC=C(C=C1)C(C)(C)C2=CC=C(C=C2)O[*],,6.898664858722267,10.1002_app.32242_part_2.txt_段1_Material1,,7918900.0000000065
[*]C([H])([H])C(O)([H])[*],[*]C(C1=CC=C(C(NC2=CC=C(N[*])C=C2)=O)C=C1)=O,,5.653212513775344,10.1016_j.ijimpeng.2020.103654_part_5.txt_段1_Material1,,450000.0000000003
[*]C([H])([H])C(O)([H])[*],[*]C1=C(C=CN2)C2=C([*])C(O)=C1O,,6.939519252618618,10.1007_s10570-017-1387-6_part_3.txt_段1_Material1,,8699999.999999994
[*]C/C=C(C[*])\Cl,[*]C(N(CN(C(OCOC(N(CN(C(OCCO[*])=O)[H])[H])=O)=O)[H])[H])=O,,3.942008053022313,10.3390_ma11112175_part_2.txt_段1_Material3,,8749.999999999998
[*]C1=C(C=CN2)C2=C([*])C(O)=C1O,C[Si](C)(C[*])O[*],,7.08278537031645,10.1177_0954008309358469_part_3.txt_段1_Material1,,12099999.999999993
[*]C1=C(C=CN2)C2=C([*])C(O)=C1O,[*]C(F)(C(F)([*])F)F,,6.133538908370218,10.1080_10402004.2019.1641645_part_2.txt_段1_Material1,,1360000.0000000012
[*]C1=C(C=CN2)C2=C([*])C(O)=C1O,[*]C1=C(C=CN2)C2=C([*])C(O)=C1O,,7.57978359661681,10.1016_j.polymer.2015.08.053_part_4.txt_段1_Material1,,38000000.0
[*]C1=C(C=CN2)C2=C([*])C(O)=C1O,[*]OCC[*],,5.27415784926368,10.1039_c9tb02769f_part_6.txt_段1_Material1,,187999.99999999988
[*]C1=CC(C2=NC3=CC(C4=CC=C5N=C([*])NC5=C4)=CC=C3N2)=CC=C1,[*]C1=C(C=CN2)C2=C([*])C(O)=C1O,,6.763427993562937,10.1002_app.39324_part_1.txt_段1_Material1,,5799999.999999994
[*]C1=NC2=CC3=C(C=C2O1)OC(C4=CC=C(C=C4)[*])=N3,[*]C1=NC2=CC3=C(C=C2O1)OC(C4=CC=C(C=C4)[*])=N3,,8.229681842317676,10.1016_j.polymer.2018.07.001_part_2.txt_段1_Material1,,169700000.0000002
[*]C1=NC2=CC3=C(C=C2O1)OC(C4=CC=C(C=C4)[*])=N3,[*]CC(COC1=CC=C(C=C1)C(C)(C)C2=CC=C(C=C2)O[*])O,,8.414973347970818,10.1002_app.33461_part_1.txt_段1_Material1,,260000000.00000012
[*]C1C(O)C(O)C(OC2C(O)C(O)C(O[*])OC2COC(C)=O)OC1COC(C)=O,O=C([*])C1=CC=C(C=C1)OC2=CC=C(C=C2)OC3=CC=C(C=C3)[*],,6.506505032404872,10.1016_j.compositesb.2015.12.008_part_2.txt_段1_Material1,,3210000.000000002
[*]CC(C#N)[*],[*]C1=C(C=CN2)C2=C([*])C(O)=C1O,,7.860936620700094,10.1016_j.compscitech.2017.05.029_part_2.txt_段1_Material1,,72600000.0
[*]CC(C#N)[*],[*]CC(COC1=CC=C(C=C1)C(C)(C)C2=CC=C(C=C2)O[*])O,,8.09642333059527,10.1002_pc.24742_part_1.txt_段1_Material1,,124859999.99999984
[*]CC(C1=CC=CC=C1)[*],[*]C1=C(C=CN2)C2=C([*])C(O)=C1O,,5.738066714777469,10.1002_app.47740_part_2.txt_段1_Material1,,547099.9999999998
[*]CC(CC=CCC([*])C1=CC=CC=C1)C#N,O=C(C1=CC=C(C=C1)C(OCC[*])=O)O[*],,6.301029995663981,10.1016_j.apsusc.2017.12.168_part_1.txt_段1_Material1,,2000000.0
[*]CC(CC=CCC([*])C1=CC=CC=C1)C#N,O=C([*])OC1=CC=C(C=C1)C(C)(C)C2=CC=C(C=C2)O[*],,6.380211241711606,10.1002_app.51250_part_2.txt_段1_Material2,,2400000.000000002
[*]CC(CC=CCC([*])C1=CC=CC=C1)C#N,[*]C(C1=CC=C(C(OCCCCO[*])=O)C=C1)=O,,6.32221929473392,10.1002_app.48310_part_1.txt_段1_Material1,,2100000.0000000056
[*]CC(COC1=CC=C(C=C1)C(C)(C)C2=CC=C(C=C2)O[*])O,COC(C(C[*])([*])C)=O,,5.886490725172482,10.1002_app.50550_part_4.txt_段1_Material1,,770000.0000000007
[*]CC(COC1=CC=C(C=C1)C(C)(C)C2=CC=C(C=C2)O[*])O,C[Si](O[*])(C)[*],,5.725911632295048,10.1002_pc.24285_part_1.txt_段1_Material1,,532000.0000000001
[*]CC(COC1=CC=C(C=C1)C(C)(C)C2=CC=C(C=C2)O[*])O,O=C(C1=CC=C(C=C1)C(OCC[*])=O)O[*],,5.413132050434872,10.3390_coatings8110411_part_1.txt_段1_Material1,,258900.00000000015
[*]CC(COC1=CC=C(C=C1)C(C)(C)C2=CC=C(C=C2)O[*])O,O=C(CCCCC(N(CCCCCCN([*])[H])[H])=O)[*],,8.071882007306126,10.1002_pc.23035_part_1.txt_段1_Material1,,118000000.00000016
[*]CC(COC1=CC=C(C=C1)C(C)(C)C2=CC=C(C=C2)O[*])O,O=C(N1C(C([*])=O)CC(O)C1)CNC(C2CCCN2[*])=O,,5.982271233039568,10.1007_s12221-015-5305-y_part_1.txt_段1_Material1,,959999.9999999992
[*]CC(COC1=CC=C(C=C1)C(C)(C)C2=CC=C(C=C2)O[*])O,O=C([*])C(C)O[*],,6.973127853599698,10.1016_j.polymertesting.2020.106923_part_1.txt_段1_Material1,,9399999.999999993
[*]CC(COC1=CC=C(C=C1)C(C)(C)C2=CC=C(C=C2)O[*])O,O=C([*])OC1=CC=C(C=C1)C(C)(C)C2=CC=C(C=C2)O[*],,6.077731179652392,10.1080_03602559.2011.566298_part_1.txt_段1_Material1,,1195999.9999999988
[*]CC(COC1=CC=C(C=C1)C(C)(C)C2=CC=C(C=C2)O[*])O,OC(C(C)(CC(C1=CC=CC=C1)[*])CC(C[*])(C(OCC2CO2)=O)C)=O,,6.3979400086720375,10.1007_s10570-016-1005-z_part_3.txt_段1_Material1,,2499999.9999999995
[*]CC(COC1=CC=C(C=C1)C(C)(C)C2=CC=C(C=C2)O[*])O,OC1=C(C=CC=C1CC2=CC=CC([*])=C2O)CC3=CC=CC([*])=C3O,,7.294466226161593,10.4028_www.scientific.net_amr.197-198.1532_part_1.txt_段1_Material1,,19700000.00000002
[*]CC(COC1=CC=C(C=C1)C(C)(C)C2=CC=C(C=C2)O[*])O,OCC(C(C(C1N)O)O[*])OC1OC2C(OC(C(C2O)N)[*])CO,,7.333648756514701,10.3390_polym12071501_part_1.txt_段1_Material1,,21559999.999999985
[*]CC(COC1=CC=C(C=C1)C(C)(C)C2=CC=C(C=C2)O[*])O,OCC1OC(C(C(C1[*])O)O)OC2C(C(C(OC2CO)O[*])O)O,,7.793755472155577,10.1016_j.compositesa.2010.05.010_part_1.txt_段1_Material1,,62194999.99999996
[*]CC(COC1=CC=C(C=C1)C(C)(C)C2=CC=C(C=C2)O[*])O,OCC1OC(C(C(C1O[*])O)O)[*],,6.087071205906535,10.1016_j.compscitech.2021.108884_part_1.txt_段1_Material1,,1221999.9999999995
[*]CC(COC1=CC=C(C=C1)C(C)(C)C2=CC=C(C=C2)O[*])O,OCC1OC(C(C(C1[*])O)O)OC2C(C(C(OC2CO)O[*])O)O,,6.0,10.1002_pc.25253_part_2.txt_段1_Material1,,1000000.0
[*]CC(COC1=CC=C(C=C1)C(C)(C)C2=CC=C(C=C2)O[*])O,[*]C(C)C[*],,6.544068044350276,10.1016_j.compositesa.2017.03.027_part_5.txt_段1_Material1,,3500000.0000000005
[*]CC(COC1=CC=C(C=C1)C(C)(C)C2=CC=C(C=C2)O[*])O,[*]C(C1=CC=C(C(NC2=CC=C(N[*])C=C2)=O)C=C1)=O,,7.845098040014257,10.1177_1369433220933461_part_1.txt_段1_Material1,,70000000.00000001
[*]CC(COC1=CC=C(C=C1)C(C)(C)C2=CC=C(C=C2)O[*])O,[*]C(CCCCCO[*])=O,,7.301029995663981,10.1016_j.polymer.2016.03.052_part_2.txt_段1_Material1,,20000000.000000004
[*]CC(COC1=CC=C(C=C1)C(C)(C)C2=CC=C(C=C2)O[*])O,[*]C(N(CN(C(OCOC(N(CN(C(OCCO[*])=O)[H])[H])=O)=O)[H])[H])=O,,6.975431808509263,10.1177_0731684413480007_part_2.txt_段1_Material1,,9449999.999999993
[*]CC(COC1=CC=C(C=C1)C(C)(C)C2=CC=C(C=C2)O[*])O,[*]C([H])([H])C(O)([H])[*],,6.184691430817598,10.1177_0021998320969793_part_2.txt_段1_Material1,,1529999.9999999986
[*]CC(COC1=CC=C(C=C1)C(C)(C)C2=CC=C(C=C2)O[*])O,[*]C/C=C/CCC(C/C=C\C[*])C=C,,6.281033367247727,10.1002_app.35417_part_1.txt_段1_Material1,,1909999.9999999984
[*]CC(COC1=CC=C(C=C1)C(C)(C)C2=CC=C(C=C2)O[*])O,[*]C/C=C\CCC(C=C)[*],,5.012837224705172,10.1002_pc.24852_part_2.txt_段1_Material1,,102999.99999999996
[*]CC(COC1=CC=C(C=C1)C(C)(C)C2=CC=C(C=C2)O[*])O,[*]CC(C#N)[*],,7.735997884091794,10.1016_j.arabjc.2015.03.019_part_2.txt_段1_Material1,,54450000.0
[*]CC(COC1=CC=C(C=C1)C(C)(C)C2=CC=C(C=C2)O[*])O,[*]CC(CC=CCC([*])C1=CC=CC=C1)C#N,,5.301029995663981,10.1039_c8nj05653f_part_4.txt_段1_Material1,,200000.00000000003
[*]CC(COC1=CC=C(C=C1)C(C)(C)C2=CC=C(C=C2)O[*])O,[*]CC(COC1=CC=C(C=C1)C(C)(C)C2=CC=C(C=C2)O[*])O,,6.618633737597086,10.1007_s10570-021-03752-7_part_3.txt_段1_Material1,,4155600.0
[*]CC(COC1=CC=C(C=C1)C(C)(C)C2=CC=C(C=C2)O[*])O,[*]CC([*])Cl,,7.665017825412472,10.1177_0731684420921952_part_2.txt_段1_Material1,,46239999.99999997
[*]CC(COC1=CC=C(C=C1)C(C)(C)C2=CC=C(C=C2)O[*])O,[*]CCC1C([*])C2CCC1C2,,6.361727836017593,10.3144_expresspolymlett.2020.31_part_2.txt_段1_Material1,,2300000.000000001
[*]CC(COC1=CC=C(C=C1)C(C)(C)C2=CC=C(C=C2)O[*])O,[*]CCN[*],,6.886490725172482,10.1002_pc.25839_part_1.txt_段1_Material1,,7700000.000000007
[*]CC(COC1=CC=C(C=C1)C(C)(C)C2=CC=C(C=C2)O[*])O,[*]CNCC1=CC=CC([*])=C1O,,6.079181246047625,10.1016_j.matdes.2016.08.095_part_3.txt_段1_Material1,,1200000.0000000007
[*]CC(COC1=CC=C(C=C1)C(C)(C)C2=CC=C(C=C2)O[*])O,[*]N1C(C2=CC3=C(C=C2C1=O)C(N(C3=O)C4=CC=C(C=C4)OC5=CC=C(C=C5)[*])=O)=O,,6.744918542441353,10.1002_app.50869_part_2.txt_段1_Material1,,5558000.000000004
[*]CC(COC1=CC=C(C=C1)C(C)(C)C2=CC=C(C=C2)O[*])O,[*]OC1OC(CO)C(OC2C(O)C(O)C([*])C(CO)O2)C(O)C1O,,5.2455126678141495,10.1002_pc.22313_part_1.txt_段1_Material1,,175999.99999999985
[*]CC(COC1=CC=C(C=C1)C(C)(C)C2=CC=C(C=C2)O[*])O,[*]OCC[*],,6.047140468477217,10.1002_pen.23733_part_1.txt_段1_Material1,,1114655.000000001
[*]CC(COC1=CC=C(C=C1)C(C)(C)C2=CC=C(C=C2)O[*])O,[H]N(C(O[*])=O)CCCCCCN(C(OCCCCO[*])=O)[H],,7.204119982655925,10.1088_1757-899x_454_1_012082_part_1.txt_段1_Material1,,16000000.00000001
[*]CC(COC1=CC=C(C=C1)C(C)(C)C2=CC=C(C=C2)O[*])O,[H]N(C1=CC=C(C=C1)CC2=CC=C(C=C2)N(C(OCCO[*])=O)[H])C([*])=O,,6.900312496983727,10.1080_15376494.2013.834093_part_1.txt_段1_Material3,,7949000.0
[*]CC(O)COC1=CC=C(C(C)(C2=CC=C(O[*])C=C2)C)C=C1,[*]C(CCCCCO[*])=O,,6.0,10.1016_j.eurpolymj.2012.10.015_part_2.txt_段1_Material1,,1000000.0
[*]CC(O)COC1=CC=C(C(C)(C2=CC=C(O[*])C=C2)C)C=C1,[*]OCC[*],,6.3807537708039,10.1016_j.indcrop.2021.113804_part_2.txt_段1_Material1,,2403000.0000000005
[*]CC(OC(O[*])=O)C,[*]C1=C(C=CN2)C2=C([*])C(O)=C1O,,6.382233234970556,10.1007_s10118-014-1518-6_part_2.txt_段1_Material1,,2411199.9999999977
[*]CC=CCCC(C#N)[*],O=C(C1=CC=C(C=C1)C(OCC[*])=O)O[*],,5.816506437046357,10.1016_j.apsusc.2015.10.137_part_3.txt_段1_Material3,,655399.9999999998
[*]CC=CCCC(C#N)[*],[*]C(N(CN(C(OCOC(N(CN(C(OCCO[*])=O)[H])[H])=O)=O)[H])[H])=O,,3.833147111912785,10.3390_ma11112175_part_2.txt_段1_Material2,,6809.999999999999
[*]CC=CCCC(C1=CC=CC=C1)[*],[*]C(N(CN(C(OCOC(N(CN(C(OCCO[*])=O)[H])[H])=O)=O)[H])[H])=O,,3.589949601325708,10.3390_ma11112175_part_2.txt_段1_Material4,,3890.000000000004
[*]CCC(CCCC(CCCC(C[*])C)C)C,O=S(C(C=C1)=CC=C1OC(C=C2)=CC=C2C(C)(C)C(C=C3)=CC=C3O[*])(C4=CC=C([*])C=C4)=O,,6.491361693834273,10.1016_j.compscitech.2018.02.039_part_4.txt_段1_Material1,,3100000.000000003
[*]CCCC(C1C([*])C2CC1C/C2=C/C)C,[*]C(N(CN(C(OCOC(N(CN(C(OCCO[*])=O)[H])[H])=O)=O)[H])[H])=O,,3.709269960975831,10.3390_ma11112175_part_2.txt_段1_Material5,,5120.000000000001
[*]CCN[*],O=C([*])C1=CC=C2C=C(C=CC2=C1)OC(C3=CC=C(C=C3)O[*])=O,,6.778874472002739,10.1007_s10965-013-0077-9_part_2.txt_段1_Material3,,6009999.999999995
[*]CCN[*],O=C([*])OC1=CC=C(C=C1)C(C)(C)C2=CC=C(C=C2)O[*],,6.3979400086720375,10.5762_kais.2014.15.2.1216_OA_part_1.txt_段1_Material1,,2499999.9999999995
[*]CCN[*],[*]C(C1=CC=C(C(OCCCCO[*])=O)C=C1)=O,,6.247924190766308,10.1016_j.polymer.2018.09.012_part_5.txt_段1_Material1,,1769799.9999999998
[*]CCN[*],[*]CC(COC1=CC=C(C=C1)C(C)(C)C2=CC=C(C=C2)O[*])O,,6.445311461756064,10.1177_0021998318755542_part_2.txt_段1_Material1,,2788120.0
[*]CC[*],O=C(C1=CC=C(C=C1)C(OCC[*])=O)O[*],,6.220108088040055,10.4028_www.scientific.net_msf.659.85_part_1.txt_段1_Material1,,1659999.9999999995
[*]CC[*],O=C([*])C1=CC=C2C=C(C=CC2=C1)OC(C3=CC=C(C=C3)O[*])=O,,6.6020599913279625,10.1515_polyeng-2013-0155_part_1.txt_段1_Material1,,4000000.000000001
[*]CC[*],O=C([*])OC1=CC=C(C=C1)C(C)(C)C2=CC=C(C=C2)O[*],,5.687261346243506,10.1002_pen.21668_part_1.txt_段1_Material1,,486699.99999999977
[*]CC[*],[*]C(C1=CC=C(C(OCCCCO[*])=O)C=C1)=O,,5.552668216112194,10.1051_e3sconf_202341302037_OA_part_1.txt_段1_Material1,,357000.00000000035
[*]CC[*],[*]C1=CC(C2=NC3=CC(C4=CC=C5N=C([*])NC5=C4)=CC=C3N2)=CC=C1,,5.895422546039408,10.1002_pc.23148_part_1.txt_段1_Material1,,786000.0000000007
[*]CC[*],[*]C1=NC2=CC3=C(C=C2O1)OC(C4=CC=C(C=C4)[*])=N3,,6.100752969451338,10.1002_app.47812_part_2.txt_段1_Material1,,1261109.9999999993
[*]CC[*],[*]CC(COC1=CC=C(C=C1)C(C)(C)C2=CC=C(C=C2)O[*])O,,7.929418925714293,10.5402_2011_718761_part_1.txt_段1_Material1,,85000000.00000003
[*]CNCC1=CC=CC([*])=C1O,[*]CC(COC1=CC=C(C=C1)C(C)(C)C2=CC=C(C=C2)O[*])O,,5.240798771117332,10.1177_1045389x17708041_part_2.txt_段1_Material1,,174100.00000000015
[*]N1C(C2=CC3=C(C=C2C1=O)C(N(C3=O)C4=CC=C(C=C4)OC5=CC=C(C=C5)[*])=O)=O,C[Si](C)(C[*])O[*],,6.05307844348342,10.1515_epoly-2024-0104_OA_part_2.txt_段1_Material1,,1130000.0000000005
[*]N1C(C2=CC3=C(C=C2C1=O)C(N(C3=O)C4=CC=C(C=C4)OC5=CC=C(C=C5)[*])=O)=O,C[Si](O[*])(C)[*],,6.008600171761918,10.1021_acsapm.9b00484_part_5.txt_段1_Material1,,1020000.0000000008
[*]N1C(C2=CC3=C(C=C2C1=O)C(N(C3=O)C4=CC=C(C=C4)OC5=CC=C(C=C5)[*])=O)=O,[*]C(CCCCCO[*])=O,,4.954242509439325,10.1088_0964-1726_21_4_042001_part_1.txt_段1_Material1,,90000.00000000007
[*]N1C(C2=CC3=C(C=C2C1=O)C(N(C3=O)C4=CC=C(C=C4)OC5=CC=C(C=C5)[*])=O)=O,[*]C1=C(C=CN2)C2=C([*])C(O)=C1O,,6.770115294787102,10.1016_j.ceramint.2020.07.340_part_2.txt_段1_Material3,,5890000.000000004
[*]N1C(C2=CC3=C(C=C2C1=O)C(N(C3=O)C4=CC=C(C=C4)OC5=CC=C(C=C5)[*])=O)=O,[*]C1=NC2=CC3=C(C=C2O1)OC(C4=CC=C(C=C4)[*])=N3,,6.418301291319746,10.1016_j.polymer.2013.03.001_part_2.txt_段1_Material2,,2620000.0000000014
[*]N1C(C2=CC3=C(C=C2C1=O)C(N(C3=O)C4=CC=C(C=C4)OC5=CC=C(C=C5)[*])=O)=O,[*]CC(C#N)[*],,7.0220157398177205,10.1016_j.polymer.2016.02.056_part_2.txt_段1_Material1,,10520000.000000007
[*]NC(C1=CC=C2C(C(N(C2=O)C3=CC=C(C=C3)CC4=CC=C([*])C=C4)=O)=C1)=O,O=C([*])C1=CC=C(C=C1)OC2=CC=C(C=C2)OC3=CC=C(C=C3)[*],,5.395850376018781,10.1016_j.polymertesting.2020.106733_part_2.txt_段1_Material1,,248799.99999999985
[*]NC(C1=CC=C2C(C(N(C2=O)C3=CC=C(C=C3)CC4=CC=C([*])C=C4)=O)=C1)=O,[*]C(F)(C(F)([*])F)F,,6.74154551677621,10.1515_polyeng-2011-0156_part_1.txt_段1_Material2,,5515000.000000004
[*]NC(C1=CC=C2C(C(N(C2=O)C3=CC=C(C=C3)CC4=CC=C([*])C=C4)=O)=C1)=O,[*]C(N(CN(C(OCOC(N(CN(C(OCCO[*])=O)[H])[H])=O)=O)[H])[H])=O,,5.698970004336019,10.1080_25740881.2020.1793197_part_2.txt_段1_Material1,,500000.0
[*]OC(CC(OC(CC([*])=O)CC)=O)C,O=C([*])OC1=CC=C(C=C1)C(C)(C)C2=CC=C(C=C2)O[*],,6.340444114840119,10.1016_j.compositesb.2020.108542_part_2.txt_段1_Material5,,2190000.000000005
[*]OC1=C(C([*])=CC=C1C)C,O=C([*])C1=CC=C2C=C(C=CC2=C1)OC(C3=CC=C(C=C3)O[*])=O,,6.286456469746983,10.1007_s10853-010-5037-8_part_1.txt_段1_Material2,,1934000.0
[*]OCCCOC(C1=CC=C(C([*])=O)C=C1)=O,C/C(C[*])=C/C[*],,5.944482672150168,10.1021_acsomega.8b00490_part_2.txt_段1_Material4,,879999.9999999992
[*]OCCCOC(C1=CC=C(C([*])=O)C=C1)=O,O=C(C1=CC=C(C=C1)C(OCC[*])=O)O[*],,6.3979400086720375,10.1002_adv.21443_part_1.txt_段1_Material1,,2499999.9999999995
[*]OCCCOC(C1=CC=C(C([*])=O)C=C1)=O,[*]C(C1=CC=C(C=C1)C(OCCCCOC(C2=CC=C(C=C2)C(OCCCCO[*])=O)=O)=O)=O,,6.1702617153949575,10.1080_00222348.2014.939525_part_3.txt_段1_Material1,,1480000.0000000005
[H]N(C(O[*])=O)CCCCCCN(C(OCCCCO[*])=O)[H],[*]CC(COC1=CC=C(C=C1)C(C)(C)C2=CC=C(C=C2)O[*])O,,5.442479769064448,10.1016_j.compositesa.2016.07.017_part_1.txt_段1_Material1,,276999.99999999977
[H]N(C(O[*])=O)CCCCCCN(C(OCCCCO[*])=O)[H],[*]CC(O)COC1=CC=C(C(C)(C2=CC=C(O[*])C=C2)C)C=C1,,7.397940008672037,10.1016_j.compstruct.2010.05.004_part_1.txt_段1_Material1,,24999999.99999994
[H]N(C(O[*])=O)CCCCCCN(C(OCCCCO[*])=O)[H],[*]N1C(C2=CC3=C(C=C2C1=O)C(N(C3=O)C4=CC=C(C=C4)OC5=CC=C(C=C5)[*])=O)=O,,6.079181246047625,10.1021_acs.macromol.9b02359_part_1.txt_段1_Material1,,1200000.0000000007
[H]N(C([H])([H])C(N([H])C(C)([H])C(N(C([H])([H])C([*])=O)[H])=O)=O)C(C(N([*])[H])(C)[H])=O,O=C(C1=CC=C(C=C1)C([*])=O)NC2=CC=C(C=C2)N[*],,6.795880017344075,10.1021_acsnano.7b03119_part_1.txt_段1_Material1,,6249999.999999996
[H]N(C([H])([H])C(N([H])C(C)([H])C(N(C([H])([H])C([*])=O)[H])=O)=O)C(C(N([*])[H])(C)[H])=O,O=C([*])OC1=CC=C(C=C1)C(C)(C)C2=CC=C(C=C2)O[*],,6.176091259055681,10.1016_j.tibtech.2018.04.004_part_3.txt_段1_Material10,,1500000.0000000005
[H]N(C([H])([H])C(N([H])C(C)([H])C(N(C([H])([H])C([*])=O)[H])=O)=O)C(C(N([*])[H])(C)[H])=O,[*]C(N(CN(C(OCOC(N(CN(C(OCCO[*])=O)[H])[H])=O)=O)[H])[H])=O,,4.301029995663981,10.1007_s00595-017-1615-6_part_1.txt_段1_Material1,,20000.000000000004
[H]N(C([H])([H])C(N([H])C(C)([H])C(N(C([H])([H])C([*])=O)[H])=O)=O)C(C(N([*])[H])(C)[H])=O,[*]CC(COC1=CC=C(C=C1)C(C)(C)C2=CC=C(C=C2)O[*])O,,6.079181246047625,10.1021_acs.biomac.9b00260_part_4.txt_段1_Material1,,1200000.0000000007
[H]N(C1=CC=C(C=C1)CC2=CC=C(C=C2)N(C(OCCO[*])=O)[H])C([*])=O,[*]C(N(CN(C(OCOC(N(CN(C(OCCO[*])=O)[H])[H])=O)=O)[H])[H])=O,,6.176091259055681,10.1080_03602559.2013.820757_part_1.txt_段1_Material1,,1500000.0000000005
[H]N(C1=CC=C(C=C1)CC2=CC=C(C=C2)N(C(OCCO[*])=O)[H])C([*])=O,[*]C1=C(C=CN2)C2=C([*])C(O)=C1O,,6.414973347970818,10.1016_j.polymertesting.2020.106883_part_1.txt_段1_Material1,,2600000.0000000014
[H]N(C1=CC=C(C=C1)CC2=CC=C(C=C2)N(C(OCCO[*])=O)[H])C([*])=O,[*]CCN[*],,6.977723605288848,10.1007_s12221-021-0890-4_part_1.txt_段1_Material2,,9499999.999999996
O=C(C1=CC=C(C=C1)C(OCC[*])=O)O[*],[*]CC([*])N1CCCC1=O,,,,2.63,
OCC1OC(C(C(C1O[*])O)O)[*],[*]CC(COC1=CC=C(C=C1)C(C)(C)C2=CC=C(C=C2)O[*])O,,,,0.017,
[*]C1=CC(C2=NC3=CC(C4=CC=C5N=C([*])NC5=C4)=CC=C3N2)=CC=C1,[*]CC([*])N1CCCC1=O,,,,0.252,
[*]CC(COC1=CC=C(C=C1)C(C)(C)C2=CC=C(C=C2)O[*])O,OCC1OC(C(C(C1[*])O)O)OC2C(C(C(OC2CO)O[*])O)O,,,,0.01,
O=S(C(C=C1)=CC=C1OC(C=C2)=CC=C2C(C)(C)C(C=C3)=CC=C3O[*])(C4=CC=C([*])C=C4)=O,[*]CC([*])N1CCCC1=O,,,,0.84,
[*]CC([*])N1CCCC1=O,O=S(C(C=C1)=CC=C1OC(C=C2)=CC=C2C(C)(C)C(C=C3)=CC=C3O[*])(C4=CC=C([*])C=C4)=O,,,,0.015,
O=C(C1=CC=C(C=C1)C(OCC[*])=O)O[*],[*]NC(C(O)=O)CCC([*])=O,,,,0.1928,
O=S(C(C=C1)=CC=C1OC(C=C2)=CC=C2C(C)(C)C(C=C3)=CC=C3O[*])(C4=CC=C([*])C=C4)=O,C[Si](O[*])(C)[*],,,,0.6579999999999999,
O=C(C(C[*])[*])N,[*]C1=C(C=CN2)C2=C([*])C(O)=C1O,,,,6.3215,
O=C([*])OC1=CC=C(C=C1)C(C)(C)C2=CC=C(C=C2)O[*],[*]C([H])([H])C(O)([H])[*],,,,0.25714,
O=C(C1=CC=C(C=C1)C(OCC[*])=O)O[*],[*]C1=CC(C2=NC3=CC(C4=CC=C5N=C([*])NC5=C4)=CC=C3N2)=CC=C1,,,,0.118,
[*]C([H])([H])C(O)([H])[*],[*]C1=CC(C2=NC3=CC(C4=CC=C5N=C([*])NC5=C4)=CC=C3N2)=CC=C1,,,,0.83,
